dt_exe,doc_id,corp,boss,law,cnt_action,cnt_rule
2013-11-15,北府勞條字第1023076834號函,正隆股份有限公司,,32-2,1,1
2013-11-15,北府勞條字第10230768341號函,正隆股份有限公司,,36,0,1
2013-11-05,北府勞條字第1023006073號函,宏普科技股份有限公司,,24,1,1
2013-11-05,北府勞條字第10230060731號函,宏普科技股份有限公司,,30-5,0,1
2013-11-05,北府勞條字第10230060732號函,宏普科技股份有限公司,,32-2,0,1
2013-11-28,北府勞條字第1023129801號函,南亞科技股份有限公司,,24,1,1
2013-11-28,北府勞條字第10231298011號函,南亞科技股份有限公司,,32-2,0,1
2013-12-31,北府勞條字第1023340132號函,相互股份有限公司,,32-2,1,1
2013-11-04,北府勞條字第1022982068號函,凌華科技股份有限公司,,32-2,1,1
2013-11-19,北府勞條字第1023065837號函,國泰醫療財團法人國泰綜合醫院,,24,1,1
2013-12-17,北府勞條字第1023294489號函,統一速達股份有限公司,,32-2,1,1
2013-12-17,北府勞條字第10232944891號函,統一速達股份有限公司,,36,0,1
2013-11-20,北府勞條字第1023065831號函,紫羅軒婚紗攝影有限公司,,7,1,1
2013-11-20,北府勞條字第10230658311號函,紫羅軒婚紗攝影有限公司,,23-1,0,1
2013-11-20,北府勞條字第10230658312號函,紫羅軒婚紗攝影有限公司,,30-5,0,1
2013-12-31,北府勞條字第1023340117號函,勤力國際股份有限公司,,36,1,1
2013-11-22,北府勞條字第1023109692號函,詩德登開發有限公司,,24,1,1
2013-11-22,北府勞條字第10231096921號函,詩德登開發有限公司,,38,0,1
2013-11-22,北府勞條字第10231096922號函,詩德登開發有限公司,,39,0,1
2013-11-22,北府勞條字第10231096923號函,詩德登開發有限公司,,70-1,0,1
2013-12-30,北府勞條字第1023340073號函,臺灣湯淺電池股份有限公司,,32-2,1,1
2013-12-10,北府勞條字第1023227028號函,精英國際文理語文電腦美術珠心算短期補習班,劉俊昇,24,1,1
2013-11-21,北府勞條字第1023105633號函,潮興工業股份有限公司,,24,1,1
2013-11-21,北府勞條字第10231056331號函,潮興工業股份有限公司,,32-2,0,1
2013-11-21,北府勞條字第10231056332號函,潮興工業股份有限公司,,38,0,1
2013-11-21,北府勞條字第10231056333號函,潮興工業股份有限公司,,39,0,1
2013-06-21,北府勞條字第1022060284號,麗鎮工業股份有限公司,,24,1,1
2013-06-21,北府勞條字第10220602841號,麗鎮工業股份有限公司,,38,0,1
2013-06-21,北府勞條字第10220602842號,麗鎮工業股份有限公司,,39,0,1
2013-07-22,北府勞條字第1022261500號,美而美食品實業有限公司,,22-2,1,1
2013-07-22,北府勞條字第10222615001號,美而美食品實業有限公司,,24,0,1
2013-07-22,北府勞條字第10222615002號,美而美食品實業有限公司,,32-2,0,1
2013-07-22,北府勞條字第10222615003號,美而美食品實業有限公司,,39,0,1
2014-01-03,北府勞條字第1023340084號,祥泰保全股份有限公司 ,,30-5,1,1
2014-01-03,北府勞條字第10233400841號,祥泰保全股份有限公司 ,,38,0,1
2014-01-03,北府勞條字第1023398588號,欣欣客運股份有限公司,,36,1,1
2014-01-06,北府勞條字第1030008365號,國際直線科技股份有限公司,,32-2,1,1
2014-01-08,北府勞條字第1030017724號,宏達國際電子股份有限公司,,30-5,1,1
2014-01-09,北府勞條字第1030022432號,京凌電子股份有限公司,,22-2,1,1
2014-01-16,北府勞條字第1030050816號,浩然科技股份有限公司,,24,1,1
2014-01-28,北府勞條字第1030153608號,香港商世界健身事業有限公司,,22-2,1,1
2014-01-28,北府勞條字第10301536081號,香港商世界健身事業有限公司,,24,0,1
2014-01-28,北府勞條字第1030143077號,泓展國際物流有限公司,,24,1,1
2014-01-28,北府勞條字第10301430771號,泓展國際物流有限公司,,30-5,0,1
2014-02-06,北府勞條字第1030202577號,萬盛實業股份有限公司,,32-2,1,1
2014-02-12,北府勞條字第1030214024號,鑫源盛科技股份有限公司,,22-2,1,1
2014-02-17,北府勞條字第1030261733號,家福股份有限公司 ,,30-5,1,1
2014-02-19,北府勞條字第1030237975號,美淇食品有限公司,,24,1,1
2014-02-19,北府勞條字第10302379751號,美淇食品有限公司,,32-2,0,1
2014-02-19,北府勞條字第1030207867號,台灣松下電器股份有限公司,,32-2,1,1
2014-02-19,北府勞條字第1030206411號,新航通運有限公司,,30-5,1,1
2014-02-25,北府勞條字第1030317941號,瑞晶應用材料科技股份有限公司,,16,1,1
2014-02-25,北府勞條字第10303179411號,瑞晶應用材料科技股份有限公司,,22-2,0,1
2014-02-25,北府勞條字第10303179412號,瑞晶應用材料科技股份有限公司,,38,0,1
2014-02-25,北府勞條字第1030327727號,台灣軟電股份有限公司,,32-2,1,1
2014-02-25,北府勞條字第1030325607號,精讚成功企業有限公司,,24,1,1
2014-02-27,北府勞條字第1030317942號,全崴科技有限公司,,32-2,1,1
2014-02-27,北府勞條字第10303179421號,全崴科技有限公司,,70,0,1
2014-02-27,北府勞條字第1030308536號,振儀科技股份有限公司,,22-2,1,1
2014-02-27,北府勞條字第10303085361號,振儀科技股份有限公司,,24,0,1
2014-02-27,北府勞條字第10303085362號,振儀科技股份有限公司,,39,0,1
2013-07-25,北府勞條字第1022271970號,雲朗觀光股份有限公司,,24,1,1
2013-09-09,北府勞條字第1022577711號,福容大飯店股份有限公司,,24,1,1
2013-09-23,北府勞條字第1022668660號,嘉賀保全股份有限公司,,22-2,1,1
2013-09-23,北府勞條字第10226686601號,嘉賀保全股份有限公司,,24,0,1
2013-09-23,北府勞條字第10226686602號,嘉賀保全股份有限公司,,32-2,0,1
2013-09-23,北府勞條字第10226686603號,嘉賀保全股份有限公司,,39,0,1
2013-12-03,北府勞條字第1023178237號,轟動租車股份有限公司,,22-2,1,1
2013-12-03,北府勞條字第10231782371號,轟動租車股份有限公司,,30-5,0,1
2013-12-03,北府勞條字第10231782372號,轟動租車股份有限公司,,38,0,1
2014-03-05,北府勞條字第1030328617號,翔賀保全股份有限公司,,21-1,1,1
2014-03-05,北府勞條字第10303286171號,翔賀保全股份有限公司,,24,0,1
2014-03-05,北府勞條字第10303286172號,翔賀保全股份有限公司,,32-2,0,1
2014-03-05,北府勞條字第10303286173號,翔賀保全股份有限公司,,39,0,1
2014-03-10,北府勞條字第1030362705號,恆信塑膠廠股份有限公司,,24,1,1
2014-03-10,北府勞條字第10303627051號,恆信塑膠廠股份有限公司,,32-2,0,1
2014-03-10,北府勞條字第10303627052號,恆信塑膠廠股份有限公司,,36,0,1
2014-03-10,北府勞條字第1030362703號,全聯實業股份有限公司,,24,1,1
2014-03-06,北府勞條字第1030338761號,永錡大安加油站股份有限公司,,38,1,1
2014-03-06,北府勞條字第10303387611號,永錡大安加油站股份有限公司,,39,0,1
2014-03-10,北府勞條字第1030377065號,瑞奇科技數位有限公司,,80,1,1
2014-03-19,北府勞條字第1030460378號,布娜飛小吃店,游曉芸,21-1,1,1
2014-03-19,北府勞條字第10304603781號,布娜飛小吃店,游曉芸,24,0,1
2014-03-19,北府勞條字第10304603782號,布娜飛小吃店,游曉芸,39,0,1
2014-03-21,北府勞條字第1030484194號,統一速達股份有限公司,,32-2,1,1
2014-03-24,北府勞條字第1030470245號,文菱科技股份有限公司,,32-2,1,1
2014-03-24,北府勞條字第1030470254號,南俊國際股份有限公司,,24,1,1
2014-03-24,北府勞條字第10304702541號,南俊國際股份有限公司,,32-2,0,1
2014-03-25,北府勞條字第1030502508號,正誠工業有限公司,,22-2,1,1
2014-03-25,北府勞條字第10305025081號,正誠工業有限公司,,36,0,1
2014-03-25,北府勞條字第10305025082號,正誠工業有限公司,,39,0,1
2014-03-31,北府勞條字第1030535050號,台裕塑膠廠,苗鵬生,23-2,1,1
2014-03-31,北府勞條字第10305350501號,台裕塑膠廠,苗鵬生,30-5,0,1
2014-03-31,北府勞條字第10305350502號,台裕塑膠廠,苗鵬生,38,0,1
2014-04-03,北府勞條字第1030546608號,聯米企業股份有限公司,,24,1,1
2014-04-03,北府勞條字第10305466081號,聯米企業股份有限公司,,39,0,1
2014-04-02,北府勞條字第1030578462號,鋁祥發實業有限公司,,22-2,1,1
2014-04-02,北府勞條字第10305784621號,鋁祥發實業有限公司,,39,0,1
2014-04-09,北府勞條字第1030603163號,喜寶食品生技股份有限公司,,23-2,1,1
2014-04-09,北府勞條字第10306031631號,喜寶食品生技股份有限公司,,36,0,1
2014-04-11,北府勞條字第1030608486號,遠傳電信股份有限公司,,24,1,1
2013-10-11,北府勞條字第1022804252號,千翔保全股份有限公司,,24,1,1
2014-04-15,北府勞條字第1030650946號,千翔保全股份有限公司,,39,0,1
2014-04-22,北府勞條字第1030671010號,竣百有限公司,,24,1,1
2014-04-22,北府勞條字第10306710101號,竣百有限公司,,32-2,0,1
2014-04-22,北府勞條字第10306710102號,竣百有限公司,,38,0,1
2014-04-24,北府勞條字第1030729831號,韓華國際有限公司,,30-5,1,1
2014-04-25,北府勞條字第1030735832號,鴻銳保全股份有限公司,,24,1,1
2014-04-25,北府勞條字第10307358321號,鴻銳保全股份有限公司,,39,0,1
2014-04-25,北府勞條字第1030741391號,怡盛保全股份有限公司,,32-2,1,1
2014-04-25,北府勞條字第10307413911號,怡盛保全股份有限公司,,36,0,1
2014-04-29,北府勞條字第1030731832號,友順科技股份有限公司,,24,1,1
2014-04-29,北府勞條字第1030754540號,誼光保全股份有限公司,,24,1,1
2014-04-29,北府勞條字第10307545401號,誼光保全股份有限公司,,30-5,0,1
2014-04-29,北府勞條字第10307545402號,誼光保全股份有限公司,,39,0,1
2013-07-26,北府勞條字第10223080090號,三豐壓送股份有限公司,,32-1,1,1
2013-07-26,北府勞條字第102230800901號,三豐壓送股份有限公司,,38,0,1
2013-07-26,北府勞條字第102230800902號,三豐壓送股份有限公司,,39,0,1
2013-11-18,北府勞條字第1023047948號,北智捷汽車股份有限公司,,24,1,1
2013-11-18,北府勞條字第10230479481號,北智捷汽車股份有限公司,,32-2,0,1
2013-11-18,北府勞條字第10230479482號,北智捷汽車股份有限公司,,36,0,1
2014-04-11,北府勞條字第1030609803號,北智捷汽車股份有限公司,,24,0,1
2014-04-11,北府勞條字第10306098031號,北智捷汽車股份有限公司,,32-2,0,1
2014-01-09,北府勞條字第1030035808號,佑豐貨運有限公司,,24,1,1
2014-05-01,北府勞條字第1030760103號,璨譽企業有限公司,,24,1,1
2014-05-01,北府勞條字第10307601031號,璨譽企業有限公司,,32-2,0,1
2014-05-01,北府勞條字第10307601032號,璨譽企業有限公司,,39,0,1
2014-05-05,北府勞條字第1030766051號,皇翔保全股份有限公司,,22-2,1,1
2014-05-05,北府勞條字第10307660511號,皇翔保全股份有限公司,,24,0,1
2014-05-05,北府勞條字第10307660512號,皇翔保全股份有限公司,,36,0,1
2014-05-05,北府勞條字第10307660513號,皇翔保全股份有限公司,,39,0,1
2014-05-05,北府勞條字第1030793568號,萬盛實業股份有限公司,,36,1,1
2014-05-08,北府勞條字第1030787973號,欣欣客運股份有限公司,,36,1,1
2014-05-09,北府勞條字第1030829184號,柏昌紙器股份有限公司,,24,1,1
2014-05-14,北府勞條字第1030865652號,神腦國際企業股份有限公司,,32-2,1,1
2014-05-16,北府勞條字第1030842422號,弘揚國際運通有限公司,,22-2,1,1
2014-05-16,北府勞條字第10308424221號,弘揚國際運通有限公司,,24,0,1
2014-05-16,北府勞條字第10308424222號,弘揚國際運通有限公司,,32-2,0,1
2014-05-16,北府勞條字第10308424223號,弘揚國際運通有限公司,,39,0,1
2014-05-19,北府勞條字第1030904748號,華冠通訊股份有限公司,,24,1,1
2014-05-21,北府勞條字第1030887571號,普巨工業股份有限公司,,24,1,1
2014-05-21,北府勞條字第10308875711號,普巨工業股份有限公司,,32-2,0,1
2014-05-21,北府勞條字第10308875712號,普巨工業股份有限公司,,39,0,1
2014-05-23,北府勞條字第1030909923號,台灣舒旺高股份有限公司,,22-2,1,1
2014-05-23,北府勞條字第10309099231號,台灣舒旺高股份有限公司,,24,0,1
2014-05-23,北府勞條字第10309099232號,台灣舒旺高股份有限公司,,32-2,0,1
2014-06-06,北府勞條字第1031014247號,鳥丸工場食品股份有限公司,,17,1,1
2014-06-06,北府勞條字第10310142471號,鳥丸工場食品股份有限公司,,22-2,0,1
2014-06-06,北府勞條字第10310142472號,鳥丸工場食品股份有限公司,,24,0,1
2014-06-09,北府勞條字第1031035742號,永錡加油站股份有限公司,,39,1,1
2014-06-11,北府勞條字第1031058239號,台灣軟電股份有限公司,,32-2,1,1
2014-06-13,北府勞條字第1031077647號,新北市私立丹力幼兒園,陳正芬,30-5,1,1
2014-06-19,北府勞條字第1031109719號,齊豐餐飲,李博文,22-2,1,1
2014-06-19,北府勞條字第10311097191號,齊豐餐飲,李博文,35,0,1
2014-06-19,北府勞條字第10311097192號,齊豐餐飲,李博文,39,0,1
2014-06-19,北府勞條字第1031111051號,鮮坊小吃店,鄭明朗,30-5,1,1
2014-06-23,北府勞條字第1031111039號,萬安保全股份有限公司,,21-1,1,1
2014-06-23,北府勞條字第10311110391號,萬安保全股份有限公司,,24,0,1
2014-06-23,北府勞條字第10311110392號,萬安保全股份有限公司,,38,0,1
2014-06-24,北府勞條字第1031121273號,瀧漢企業有限公司,,24,1,1
2014-06-24,北府勞條字第10311212731號,瀧漢企業有限公司,,38,0,1
2014-06-24,北府勞條字第10311212732號,瀧漢企業有限公司,,39,0,1
2014-06-24,北府勞條字第1031111041號,台灣金歌蘭股份有限公司,,24,1,1
2014-06-24,北府勞條字第10311110411號,台灣金歌蘭股份有限公司,,38,0,1
2014-06-24,北府勞條字第10311110412號,台灣金歌蘭股份有限公司,,39,0,1
2014-06-24,北府勞條字第1031121272號,閔暉實業股份有限公司,,32-2,1,1
2014-06-27,北府勞條字第1031162629號,源和鋁業有限公司,,24,1,1
2014-06-27,北府勞條字第10311626291號,源和鋁業有限公司,,38,0,1
2014-06-27,北府勞條字第10311626292號,源和鋁業有限公司,,39,0,1
2014-06-27,北府勞條字第1031154389號,新竹物流股份有限公司,,30-5,1,1
2014-06-30,北府勞條字第1031169476號,泰舜工業有限公司,,24,1,1
2014-06-30,北府勞條字第10311694761號,泰舜工業有限公司,,32-2,0,1
2014-06-30,北府勞條字第10311694762號,泰舜工業有限公司,,39,0,1
2014-07-01,北府勞條字第1031159409號,宜益有限公司,,24,1,1
2014-07-01,北府勞條字第10311594091號,宜益有限公司,,38,0,1
2014-07-01,北府勞條字第10311594092號,宜益有限公司,,39,0,1
2014-07-03,北府勞條字第1031196818號,亞聯興業有限公司,,24,1,1
2014-07-03,北府勞條字第10311968181號,亞聯興業有限公司,,32-2,0,1
2014-07-03,北府勞條字第10311968182號,亞聯興業有限公司,,39,0,1
2014-07-04,北府勞條字第1031199846號,嘉北國際股份有限公司,,32-2,1,1
2014-07-04,北府勞條字第10311998461號,嘉北國際股份有限公司,,36,0,1
2014-07-16,北府勞條字第1031312103號,遠冠股份有限公司,,32-2,1,1
2014-07-21,北府勞條字第1031339093號,大樹林體育用品社,林冠廷,22-2,1,1
2014-07-21,北府勞條字第10313390931號,大樹林體育用品社,林冠廷,24,0,1
2014-07-21,北府勞條字第10313390932號,大樹林體育用品社,林冠廷,38,0,1
2014-07-21,北府勞條字第10313390933號,大樹林體育用品社,林冠廷,39,0,1
2014-07-24,北府勞條字第1031350140號,祥峰金屬工業有限公司,,24,1,1
2014-07-24,北府勞條字第1031350170號,嘉賀保全股份有限公司,,80,1,1
2014-07-29,北府勞條字第1031356572號,銘鋼鋼鐵有限公司,,24,1,1
2014-07-29,北府勞條字第10313565721號,銘鋼鋼鐵有限公司,,32-2,0,1
2014-07-29,北府勞條字第10313565722號,銘鋼鋼鐵有限公司,,38,0,1
2014-08-01,北府勞條字第1031423420號,全聯實業股份有限公司,,32-2,1,1
2014-08-12,北府勞條字第1031481576號,詠靜護理之家,沈惠萍,24,1,1
2014-08-12,北府勞條字第10314815761號,詠靜護理之家,沈惠萍,32-2,0,1
2014-08-13,北府勞條字第1031502452號,美商祥茂光電科技股份有限公司,,24,1,1
2014-08-14,北府勞條字第1031488398號,利聯機械工業股份有限公司,,22-2,1,1
2014-08-14,北府勞條字第10314883981號,利聯機械工業股份有限公司,,24,0,1
2014-08-14,北府勞條字第10314883982號,利聯機械工業股份有限公司,,38,0,1
2014-08-25,北府勞條字第1031557707號,中鼎工程股份有限公司,,32-1,1,1
2014-08-25,北府勞條字第10315577071號,中鼎工程股份有限公司,,32-2,0,1
2014-08-25,北府勞條字第10315577072號,中鼎工程股份有限公司,,36,0,1
2014-08-25,北府勞條字第1031536766號,芸妮有限公司,,22-2,1,1
2014-08-25,北府勞條字第10315367661號,芸妮有限公司,,30-5,0,1
2014-08-27,北府勞條字第1031595243號,證元工業有限公司,,22-2,1,1
2014-08-27,北府勞條字第10315952431號,證元工業有限公司,,24,0,1
2014-08-27,北府勞條字第10315952432號,證元工業有限公司,,38,0,1
2014-08-27,北府勞條字第1031567340號,浩然科技股份有限公司,,30-5,1,1
2014-08-28,北府勞條字第1031621952號,嵩台資訊股份有限公司,,24,1,1
2014-08-28,北府勞條字第10316219521號,嵩台資訊股份有限公司,,32-2,0,1
2014-08-28,北府勞條字第10316219522號,嵩台資訊股份有限公司,,36,0,1
2014-08-29,北府勞條字第1031626435號,廣穎電通股份有限公司,,32-2,1,1
2014-08-29,北府勞條字第1031632462號,家福股份有限公司,,30-5,1,1
2014-09-01,北府勞條字第1031587469號,仁欣實業有限公司,,21-1,1,1
2014-09-01,北府勞條字第10315874691號,仁欣實業有限公司,,22-2,0,1
2014-09-01,北府勞條字第10315874692號,仁欣實業有限公司,,38,0,1
2014-09-04,北府勞條字第1031617784號,匯豐保全股份有限公司,,24,1,1
2014-09-04,北府勞條字第10316177841號,匯豐保全股份有限公司,,32-2,0,1
2014-09-04,北府勞條字第10316177842號,匯豐保全股份有限公司,,36,0,1
2014-09-03,北府勞條字第1031650612號,瑞林科技服務股份有限公司,,24,1,1
2014-09-03,北府勞條字第10316506121號,瑞林科技服務股份有限公司,,30-5,0,1
2014-09-03,北府勞條字第10316506122號,瑞林科技服務股份有限公司,,38,0,1
2014-09-09,北府勞條字第1031693789號,勤力國際股份有限公司,,36,1,1
2014-09-18,北府勞條字第1031708514號,秉瀚食品股份有限公司,,23-1,1,1
2014-09-18,北府勞條字第10317085141號,秉瀚食品股份有限公司,,24,0,1
2014-09-18,北府勞條字第10317085142號,秉瀚食品股份有限公司,,30-5,0,1
2014-09-18,北府勞條字第1031760686號,華冠通訊股份有限公司,,24,1,1
2014-09-24,北府勞條字第1031808833號,萬盛實業股份有限公司,,32-2,1,1
2014-09-25,北府勞條字第1031753718號,統一速達股份有限公司,,32-2,1,1
2014-09-30,北府勞條字第1031797176號,花旗(台灣)商業銀行股份有限公司,,24,1,1
2014-10-01,北府勞條字第1031814660號,洤興金屬有限公司,,24,1,1
2014-10-01,北府勞條字第10318146601號,洤興金屬有限公司,,32-2,0,1
2014-10-01,北府勞條字第10318146602號,洤興金屬有限公司,,38,0,1
2014-10-01,北府勞條字第1031852452號,誠信洗染材料有限公司,,24,1,1
2014-10-01,北府勞條字第10318524521號,誠信洗染材料有限公司,,32-2,0,1
2014-10-01,北府勞條字第10318524522號,誠信洗染材料有限公司,,36,0,1
2014-10-01,北府勞條字第1031851919號,興霖事業有限公司,,24,1,1
2014-10-01,北府勞條字第10318519191號,興霖事業有限公司,,32-2,0,1
2014-10-01,北府勞條字第10318519192號,興霖事業有限公司,,36,0,1
2014-10-02,北府勞條字第1031862680號,台灣宅配通股份有限公司,,22-2,1,1
2014-10-02,北府勞條字第10318626801號,台灣宅配通股份有限公司,,24,0,1
2014-10-09,北府勞條字第1031904438號,禾頡物流有限公司,,24,1,1
2014-10-09,北府勞條字第10319044381號,禾頡物流有限公司,,39,0,1
2014-10-09,北府勞條字第1031893658號,統皓食品股份有限公司,,32-2,1,1
2014-10-15,北府勞條字第1031920888號,泳鑫興業有限公司,,21-1,1,1
2014-10-15,北府勞條字第10319208881號,泳鑫興業有限公司,,22-1,1,1
2014-10-15,北府勞條字第10319208882號,泳鑫興業有限公司,,32-2,1,1
2014-10-16,北府勞條字第1031953597號,光鑫精密機械有限公司,,22-2,1,1
2014-10-16,北府勞條字第10319535971號,光鑫精密機械有限公司,,38,1,1
2014-10-16,北府勞條字第10319535972號,光鑫精密機械有限公司,,43,1,1
2014-10-21,北府勞條字第1031942523號,三合泰企業有限公司,,22-2,1,1
2014-10-21,北府勞條字第10319425231號,三合泰企業有限公司,,24,1,1
2014-10-21,北府勞條字第10319425232號,三合泰企業有限公司,,38,1,1
2014-10-22,北府勞條字第1031953598號,勝贊行銷有限公司,,21-1,1,1
2014-10-22,北府勞條字第10319535981號,勝贊行銷有限公司,,24,1,1
2014-10-22,北府勞條字第10319535982號,勝贊行銷有限公司,,32-2,1,1
2014-10-22,北府勞條字第10319535983號,勝贊行銷有限公司,,38,1,1
2014-10-22,北府勞條字第10319535984號,勝贊行銷有限公司,,39,1,1
2014-10-28,北府勞條字第1031988035號,吉盛興電器有限公司,,22-2,1,1
2014-10-28,北府勞條字第10319880351號,吉盛興電器有限公司,,24,1,1
2014-10-28,北府勞條字第10319880352號,吉盛興電器有限公司,,39,1,1
2014-10-31,北府勞條字第1032056855號,思源電料商行有限公司,,24,1,1
2014-10-31,北府勞條字第10320568551號,思源電料商行有限公司,,38,1,1
2014-10-31,北府勞條字第10320568552號,思源電料商行有限公司,,39,1,1
2014-11-06,北府勞條字第1032081125號,藝晟實業股份有限公司,,21-1,1,1
2014-11-06,北府勞條字第10320811251號,藝晟實業股份有限公司,,24,1,1
2014-11-06,北府勞條字第10320811252號,藝晟實業股份有限公司,,38,1,1
2014-12-01,北府勞條字第1032266402號,錦朋禮品有限公司,,23-2,1,1
2014-12-01,北府勞條字第10322664021號,錦朋禮品有限公司,,30-5,1,1
2014-12-01,北府勞條字第10322664022號,錦朋禮品有限公司,,38,1,1
2014-12-01,北府勞條字第1032241625號,樹林髮廊,楊翠華,22-2,1,1
2014-12-01,北府勞條字第10322416251號,樹林髮廊,楊翠華,30-5,1,1
2014-12-01,北府勞條字第10322416252號,樹林髮廊,楊翠華,38,1,1
2014-12-08,北府勞條字第1032310349號,青威有限公司,,23-2,1,1
2014-12-08,北府勞條字第10323103491號,青威有限公司,,30-5,1,1
2014-10-14,北府勞條字第1031938185號,新北市私立永恩老人養護中心,陳建忠,32-2,1,1
2014-10-21,北府勞條字第1031973592號,億通工業股份有限公司,,22-2,1,1
2014-10-21,北府勞條字第1031977039號,燿華電子股份有限公司,,32-2,1,1
2014-10-30,北府勞條字第1032022926號,中勤人力資源管理顧問股份有限公司,,24,1,1
2014-11-04,北府勞條字第1032059894號,錒瑪科技股份有限公司,,22-2,1,1
2014-11-06,北府勞條字第1032101272號,寶雅國際股份有限公司,,24,1,1
2014-11-07,北府勞條字第1032122743號,益合國際股份有限公司,,24,1,1
2014-11-26,北府勞條字第1032255100號,全球傳動科技股份有限公司,,32-2,1,1
2014-12-01,北府勞條字第1032267778號,嵩台資訊股份有限公司,,32-2,1,1
2015-01-14,新北府勞條字第11247540009076號,銘仁國際開發有限公司,,22-2,1,1
2015-01-07,新北府勞條字第11249140004206號,原素食府企業有限公司,,24,1,1
2015-02-13,新北府勞條字第11246540032991號,龍達塑膠股份有限公司,,22-2,1,1
2015-01-23,新北府勞條字第11246340017976號,永齡生技股份有限公司,,30-5,1,1
2015-01-23,新北府勞條字第11245240017382號,崧豐股份有限公司,,24,1,1
2015-01-23,新北府勞條字第11244040017386號,崧豐股份有限公司,,32-2,1,1
2015-01-23,新北府勞條字第11244040017999號,南亞電路板股份有限公司,,32-2,1,1
2015-01-28,新北府勞條字第11249740020471號,大投企業有限公司,,24,1,1
2015-01-28,新北府勞條字第11243140020473號,大投企業有限公司,,39,1,1
2015-02-02,新北府勞條字第11246040023637號,永成蛋品股份有限公司,,32-2,1,1
2015-02-10,新北府勞條字第11246240029957號,振專股份有限公司,,32-2,1,1
2015-01-22,新北府勞條字第11242940016978號,永旭物業管理顧問有限公司,,24,1,1
2015-01-22,新北府勞條字第11244640016979號,永旭物業管理顧問有限公司,,39,0,1
2015-01-22,新北府勞條字第11240040016982號,永旭物業管理顧問有限公司,,46,0,1
2015-01-07,新北府勞條字第11241940002711號,振豪科技企業社,黃晢智,24,1,1
2015-01-07,新北府勞條字第11247040002714號,振豪科技企業社,黃晢智,32-2,0,1
2015-01-07,新北府勞條字第11244140002717號,振豪科技企業社,黃晢智,39,0,1
2015-02-04,新北府勞條字第11248140026782號,昶鉅工業有限公司,,24,1,1
2015-02-04,新北府勞條字第11245240026785號,昶鉅工業有限公司,,38,0,1
2015-02-04,新北府勞條字第11249640026787號,昶鉅工業有限公司,,39,0,1
2015-02-11,新北府勞條字第11248540031854號,柑仔店股份有限公司,,24,1,1
2015-02-11,新北府勞條字第11243940031856號,柑仔店股份有限公司,,32-2,0,1
2015-02-11,新北府勞條字第11245640031857號,柑仔店股份有限公司,,35,0,1
2015-02-11,新北府勞條字第11247340031858號,柑仔店股份有限公司,,39,0,1
2015-01-14,新北府勞條字第11241240008930號,新翔護理之家,林恬瑛,30-5,1,1
2015-01-14,新北府勞條字第11243940008931號,新翔護理之家,林恬瑛,38,0,1
2015-01-14,新北府勞條字第11245640008932號,新翔護理之家,林恬瑛,39,0,1
2015-02-16,新北府勞條字第11248340033834號,濠國交通器材有限公司,,24,1,1
2015-02-16,新北府勞條字第11243740033836號,濠國交通器材有限公司,,30-5,0,1
2015-02-16,新北府勞條字第11245440033837號,濠國交通器材有限公司,,39,0,1
2015-02-02,新北府勞條字第11242540023709號,寶億生技股份有限公司,,24,1,1
2015-02-02,新北府勞條字第11244540023710號,寶億生技股份有限公司,,43,0,1
2015-02-02,新北府勞條字第11246240023711號,寶億生技股份有限公司,,70,0,1
2015-02-11,新北府勞條字第11244640030999號,鼎天實業有限公司,,7,1,1
2015-02-11,新北府勞條字第11242840031002號,鼎天實業有限公司,,22-2,0,1
2015-02-11,新北府勞條字第11244540031003號,鼎天實業有限公司,,23-2,0,1
2015-02-11,新北府勞條字第11249940031005號,鼎天實業有限公司,,30-5,0,1
2015-02-11,新北府勞條字第11245040031008號,鼎天實業有限公司,,59-2,0,1
2015-02-24,新北府勞條字第1040292823號,合發物流有限公司,,30-5,1,1
2015-03-03,新北府勞條字第1040344380號,啟準精密工業有限公司,,24,1,1
2015-03-03,新北府勞條字第10403443801號,啟準精密工業有限公司,,32-2,0,1
2015-03-03,新北府勞條字第10403443802號,啟準精密工業有限公司,,39,0,1
2015-03-04,新北府勞條字第1040317314號,鴻卓保全股份有限公司,,30-5,1,1
2015-03-09,新北府勞條字第1040388758號,新在發環保機具有限公司,,32-2,1,1
2015-03-09,新北府勞條字第1040386980號,員全股份有限公司,,32-2,1,1
2015-03-09,新北府勞條字第10403869801號,員全股份有限公司,,36,0,1
2015-03-09,新北府勞條字第10403869802號,員全股份有限公司,,39,0,1
2015-03-12,新北府勞條字第1040412281號,寶康企業管理顧問有限公司,,32-2,1,1
2015-03-13,新北府勞條字第1040427821號,國倫人力資源管理有限公司,,24,1,1
2015-03-16,新北府勞條字第1040432849號,市工工業股份有限公司,,24,1,1
2015-03-16,新北府勞條字第10404328491號,市工工業股份有限公司,,37,0,1
2015-03-16,新北府勞條字第10404328492號,市工工業股份有限公司,,38,0,1
2015-03-17,新北府勞條字第1040443319號,水年華生活美容精品坊,林立湘,22-2,1,1
2015-03-17,新北府勞條字第10404433191號,水年華生活美容精品坊,林立湘,24,0,1
2015-03-17,新北府勞條字第10404433192號,水年華生活美容精品坊,林立湘,39,0,1
2015-03-20,新北府勞條字第1040474558號,吉仕達企業有限公司,,19,1,1
2015-03-20,新北府勞條字第10404745581號,吉仕達企業有限公司,,30-5,0,1
2015-03-26,新北府勞條字第1040491570號,法樂琪有限公司,,39,1,1
2015-03-27,新北府勞條字第1040484397號,國翔興工業有限公司,,22-2,1,1
2015-03-27,新北府勞條字第10404843971號,國翔興工業有限公司,,24,0,1
2015-03-27,新北府勞條字第10404843972號,國翔興工業有限公司,,38,0,1
2015-03-27,新北府勞條字第10404843973號,國翔興工業有限公司,,39,0,1
2015-03-30,新北府勞條字第1040540986號,偉勝橡膠實業有限公司,,22-2,1,1
2015-03-30,新北府勞條字第10405409861號,偉勝橡膠實業有限公司,,30-5,0,1
2015-03-30,新北府勞條字第10405409862號,偉勝橡膠實業有限公司,,38,0,1
2015-03-30,新北府勞條字第1040530635號,益盛精密模具有限公司,,22-2,1,1
2015-03-30,新北府勞條字第10405306351號,益盛精密模具有限公司,,24,0,1
2015-03-30,新北府勞條字第10405306352號,益盛精密模具有限公司,,38,0,1
2015-03-30,新北府勞條字第10405306353號,益盛精密模具有限公司,,39,0,1
2015-04-01,新北府勞條字第1040511977號,美麗華開發股份有限公司,,7,1,1
2015-04-01,新北府勞條字第10405119771號,美麗華開發股份有限公司,,9-1,0,1
2015-04-01,新北府勞條字第10405119772號,美麗華開發股份有限公司,,24,0,1
2015-04-01,新北府勞條字第10405119773號,美麗華開發股份有限公司,,36,0,1
2015-04-01,新北府勞條字第10405119774號,美麗華開發股份有限公司,,39,0,1
2015-04-01,新北府勞條字第1040557428號,上癮小吃店,丁丹怡,24,1,1
2015-04-01,新北府勞條字第10405574281號,上癮小吃店,丁丹怡,30-5,0,1
2015-04-01,新北府勞條字第10405574282號,上癮小吃店,丁丹怡,39,0,1
2015-04-02,新北府勞條字第1040539892號,統皓食品股份有限公司,,24,1,1
2015-04-02,新北府勞條字第10405398921號,統皓食品股份有限公司,,32-2,0,1
2015-04-02,新北府勞條字第10405398922號,統皓食品股份有限公司,,39,0,1
2015-04-02,新北府勞條字第1040579708號,精浚科技股份有限公司,,32-2,1,1
2015-04-07,新北府勞條字第1040572921號,祥鈺港式茶樓,陳清榮,24,1,1
2015-04-07,新北府勞條字第10405729211號,祥鈺港式茶樓,陳清榮,32-1,0,1
2015-04-07,新北府勞條字第10405729212號,祥鈺港式茶樓,陳清榮,39,0,1
2015-04-07,新北府勞條字第1040545825號,皇翔保全股份有限公司,,32-2,1,1
2015-04-07,新北府勞條字第10405458251號,皇翔保全股份有限公司,,39,0,1
2015-04-14,新北府勞條字第1040619269號,愛麗生婦產科診所,陳文洲,22-2,1,1
2015-04-14,新北府勞條字第10406192691號,愛麗生婦產科診所,陳文洲,24,0,1
2015-04-14,新北府勞條字第10406192692號,愛麗生婦產科診所,陳文洲,36,0,1
2015-04-15,新北府勞條字第1040629957號,人利有限公司,,24,1,1
2015-04-15,新北府勞條字第1040639445號,小頭目小吃店,鄭一宇,24,1,1
2015-04-15,新北府勞條字第10406394451號,小頭目小吃店,鄭一宇,30-5,0,1
2015-04-15,新北府勞條字第10406394452號,小頭目小吃店,鄭一宇,32-1,0,1
2015-04-15,新北府勞條字第10406394453號,小頭目小吃店,鄭一宇,39,0,1
2015-04-15,新北府勞條字第10406394454號,小頭目小吃店,鄭一宇,49-1,0,1
2015-04-15,新北府勞條字第1040619691號,一之軒食品有限公司,,24,1,1
2015-04-21,新北府勞條字第1040659127號,鐵三角食品行,黃俊宏,22-2,1,1
2015-04-21,新北府勞條字第10406591271號,鐵三角食品行,黃俊宏,30-5,0,1
2015-04-21,新北府勞條字第10406591272號,鐵三角食品行,黃俊宏,39,0,1
2015-04-22,新北府勞條字第1040683308號,統一武藏野股份有限公司,,32-2,1,1
2015-04-23,新北府勞條字第1040692624號,進聯工業股份有限公司,,24,1,1
2015-04-29,新北府勞條字第1040736047號,嵩隆電子股份有限公司,,22-2,1,1
2015-04-29,新北府勞條字第1040726123號,宏偉科技有限公司,,24,1,1
2015-04-29,新北府勞條字第10407261231號,宏偉科技有限公司,,37,0,1
2015-04-29,新北府勞條字第1040745777號,特級猛餐飲有限公司,,23-2,1,1
2015-04-29,新北府勞條字第10407457771號,特級猛餐飲有限公司,,32-2,0,1
2015-04-29,新北府勞條字第10407457772號,特級猛餐飲有限公司,,36,0,1
2015-04-29,新北府勞條字第10407457773號,特級猛餐飲有限公司,,38,0,1
2015-04-29,新北府勞條字第1040745791號,凌華科技股份有限公司,,32-2,1,1
2015-04-30,新北府勞條字第1040745789號,台灣宅配通股份有限公司,,24,1,1
2015-05-04,新北府勞條字第1040768111號,泓展國際物流有限公司,,24,1,1
2015-05-04,新北府勞條字第10407681111號,泓展國際物流有限公司,,32-2,0,1
2015-05-12,新北府勞條字第1040801670號,新北市立蘆洲國民中學,,24,1,1
2015-05-12,新北府勞條字第10408016701號,新北市立蘆洲國民中學,,30-5,0,1
2015-05-12,新北府勞條字第10408016702號,新北市立蘆洲國民中學,,32-2,0,1
2015-05-15,新北府勞條字第1040828569號,萬金溫泉會館,林進龍,24,1,1
2015-05-15,新北府勞條字第10408285691號,萬金溫泉會館,林進龍,30-5,0,1
2015-05-15,新北府勞條字第10408285692號,萬金溫泉會館,林進龍,32-2,0,1
2015-05-15,新北府勞條字第10408285693號,萬金溫泉會館,林進龍,38,0,1
2015-05-19,新北府勞條字第1040871333號,伍聯電子廠股份有限公司,,24,1,1
2015-05-19,新北府勞條字第10408713331號,伍聯電子廠股份有限公司,,32-2,0,1
2015-05-19,新北府勞條字第10408713332號,伍聯電子廠股份有限公司,,37,0,1
2015-05-19,新北府勞條字第10408713333號,伍聯電子廠股份有限公司,,38,0,1
2015-05-20,新北府勞條字第1040899937號,精華光學股份有限公司,,32-2,1,1
2015-05-25,新北府勞條字第1040920831號,新竹物流股份有限公司,,30-5,1,1
2015-05-27,新北府勞條字第1040943622號,家福股份有限公司,,30-5,1,1
2015-06-26,新北府勞檢字第1043061504號,寬豐工業股份有限公司,何希晧,70,1,1
2015-06-30,新北府勞檢字第1043061521號,東光凡而工業股份有限公司,曾順榮,32-2,1,1
2015-07-02,新北府勞檢字第1043061516號,美食達人股份有限公司,吳銘隆,32-2,1,1
2015-07-03,新北府勞檢字第1043061702號,仝陸金屬工程股份有限公司,林建中,24,1,1
2015-07-03,新北府勞檢字第10430617021號,仝陸金屬工程股份有限公司,林建中,37,0,1
2015-07-07,新北府勞檢字第1043062221號,春樺工程有限公司,蔡樹忠,23-2,1,1
2015-07-07,新北府勞檢字第10430622211號,春樺工程有限公司,蔡樹忠,30-5,0,1
2015-07-13,新北府勞檢字第1043062284號,千富企業有限公司,莊寶鑫,24,1,1
2015-07-13,新北府勞檢字第10430622841號,千富企業有限公司,莊寶鑫,37,0,1
2015-07-13,新北府勞檢字第1043062489號,台一建材行,鄭榮明,24,1,1
2015-07-13,新北府勞檢字第10430624891號,台一建材行,鄭榮明,37,0,1
2015-07-15,新北府勞檢字第1043062488號,棉品實業股份有限公司,洪清峯,24,1,1
2015-07-15,新北府勞檢字第10430624881號,棉品實業股份有限公司,洪清峯,32-2,0,1
2015-07-17,新北府勞檢字第1043062925號,大一工程有限公司,林南榮,22-2,1,1
2015-07-17,新北府勞檢字第1043063412號,美商德士儀科技股份有限公司,諾瑞羅,36,1,1
2015-07-20,新北府勞檢字第1043063046號,宏碁股份有限公司,黃少華,30-5,1,1
2015-07-21,新北府勞檢字第1043063037號,三重汽車客運股份有限公司,李博仁,32-2,1,1
2015-07-22,新北府勞檢字第1043063320號,得豐印刷有限公司,許志銘,32-2,1,1
2015-07-22,新北府勞檢字第10430633201號,得豐印刷有限公司,許志銘,36,0,1
2015-07-23,新北府勞檢字第1043063551號,全台物流股份有限公司,張建中,32-2,1,1
2015-07-24,新北府勞檢字第1043063876號,士瑞克公寓大廈管理維護股份有限公司,王慧明,24,1,1
2015-07-24,新北府勞檢字第1043064037號,豐暘工程行,謝宇涵,30-5,1,1
2015-07-27,新北府勞檢字第1043063936號,弘富寬頻科技股份有限公司,林紀忠,30-5,1,1
2015-07-27,新北府勞檢字第1043063578號,仁鼎光電股份有限公司,林榮貴,24,1,1
2015-07-27,新北府勞檢字第1043063577號,新仁醫療社團法人新仁醫院,陳式欽,24,1,1
2015-07-28,新北府勞檢字第1043064306號,勤讚保全股份有限公司,翁添木,21-1,1,1
2015-07-29,新北府勞檢字第1043064310號,欣泰企業社,徐逸倩,21-1,1,1
2015-07-29,新北府勞檢字第1043064288號,洪瑞珍食品行,洪柏舟,30-5,1,1
2015-08-03,新北府勞檢字第1043064600號,優得企業股份有限公司,莊志宏,24,1,1
2015-08-03,新北府勞檢字第1043064606號,祝旺開發股份有公司,蘇志榮,24,1,1
2015-08-03,新北府勞檢字第10430646061號,祝旺開發股份有公司,蘇志榮,32-2,0,1
2015-08-03,新北府勞檢字第1043064556號,楊志宏建築師事務所,楊志宏,24,1,1
2015-08-03,新北府勞檢字第1043064646號,立可白實業有限公司,陳茂盛,32-2,1,1
2015-08-03,新北府勞檢字第1043064289號,如頤有限公司,陳美如,22-2,1,1
2015-08-03,新北府勞檢字第10430642891號,如頤有限公司,陳美如,24,0,1
2015-08-03,新北府勞檢字第10430642852號,英特內軟體股份有限公司,李員,32-2,1,1
2015-08-03,新北府勞檢字第1043064953號,中英醫療社團法人中英醫院,溫政諭,32-2,1,1
2015-08-06,新北府勞檢字第1043064956號,瓦城泰統股份有限公司,徐承義,32-2,1,1
2015-08-06,新北府勞檢字第1043064707號,中規開發股份有限公司,廖昭名,36,1,1
2015-08-06,新北府勞檢字第1043064946號,台裕電業股份有限公司,林泰良,32-2,1,1
2015-08-10,新北府勞檢字第10430649461號,台裕電業股份有限公司,林泰良,36,0,1
2015-08-10,新北府勞檢字第1043065434號,台華陶瓷有限公司,陳錦祥,32-2,1,1
2015-08-10,新北府勞檢字第10430654341號,台華陶瓷有限公司,陳錦祥,38,0,1
2015-08-10,新北府勞檢字第1043065455號,鑫光金屬工業股份有限公司,張蔡翠霞,32-2,1,1
2015-08-10,新北府勞檢字第10430654551號,鑫光金屬工業股份有限公司,張蔡翠霞,36,0,1
2015-08-10,新北府勞檢字第1043065359號,龍祥環保國際有限公司,簡玉芬,32-2,1,1
2015-08-11,新北府勞檢字第10430653591號,龍祥環保國際有限公司,簡玉芬,36,0,1
2015-08-11,新北府勞檢字第1043065437號,達特九科技有限公司,李榮洲,24,1,1
2015-08-11,新北府勞檢字第1043065133號,新北汽車客運股份有限公司,呂奇龍,32-2,1,1
2015-08-11,新北府勞檢字第1043065079號,首都客運股份有限公司,李博文,32-2,1,1
2015-08-11,新北府勞檢字第1043065231號,英騰保全股份有限公司,李庭豪,39,1,1
2015-08-11,新北府勞檢字第1043065061號,陸仕企業股份有限公司,吳至勝,32-2,1,1
2015-08-11,新北府勞檢字第10430655741號,慶幸印花有限公司,吳李美珠,55,1,1
2015-08-12,新北府勞檢字第1043065657號,三尚汽車有限公司,黃信章,30-5,1,1
2015-08-12,新北府勞檢字第1043065766號,鋮鴻科技股份有限公司,蔡昌宏,24,1,1
2015-08-14,新北府勞檢字第1043065568號,成正資訊有限公司,陳鵬宇,22-2,1,1
2015-08-14,新北府勞檢字第1043065911號,堤頂加油站股份有限公司,陳燦輝,24,1,1
2015-08-14,新北府勞檢字第10430659111號,堤頂加油站股份有限公司,陳燦輝,38,0,1
2015-08-14,新北府勞檢字第1043065915號,楓林加油站股份有限公司,陳燦輝,24,1,1
2015-08-14,新北府勞檢字第10430659151號,楓林加油站股份有限公司,陳燦輝,38,0,1
2015-08-14,新北府勞檢字第1043066018號,德林資訊電子股份有限公司,林漢彩,21-1,1,1
2015-08-17,新北府勞檢字第1043065899號,新北市私立安尼爾幼兒園,林慧玟,21-1,1,1
2015-08-17,新北府勞檢字第10430657341號,英屬維京群島商台灣威高時裝有限公司台灣分公司,林偉權,24,1,1
2015-08-17,新北府勞檢字第1043065884號,大順醫院,黃慶菖,24,1,1
2015-08-17,新北府勞檢字第10430658841號,大順醫院,黃慶菖,30-5,0,1
2015-08-17,新北府勞檢字第10430658842號,大順醫院,黃慶菖,32-2,0,1
2015-08-17,新北府勞檢字第10430658843號,大順醫院,黃慶菖,36,0,1
2015-08-17,新北府勞檢字第1043066158號,美麗華公寓大廈管理維護股份有限公司,蘇麗華,32-2,1,1
2015-08-18,新北府勞檢字第1043065741號,同協電子股份有限公司,劉定泮,24,1,1
2015-08-18,新北府勞檢字第1043065931號,興佳和汽車企業有限公司,葉建宏,30-5,1,1
2015-08-19,新北府勞檢字第1043065969號,建泰化工股份有限公司,張健益,32-2,1,1
2015-08-19,新北府勞檢字第1043066388號,基鑫企業社,莊百福,30-5,1,1
2015-08-19,新北府勞檢字第1043066134號,肯邁手作功夫茶坊,程振武,21-1,1,1
2015-08-19,新北府勞檢字第1043066421號,巨人洗衣股份有限公司,郭順景,24,1,1
2015-08-20,新北府勞檢字第10430664211號,巨人洗衣股份有限公司,郭順景,39,0,1
2015-08-20,新北府勞檢字第1043066406號,古月傳說股份有限公司,林仙林,22-2,1,1
2015-08-20,新北府勞檢字第10430664061號,古月傳說股份有限公司,林仙林,24,0,1
2015-08-20,新北府勞檢字第1043066137號,金都賀測具科技有限公司,游文仁,24,1,1
2015-08-21,新北府勞檢字第1043066135號,來來超商股份有限公司,張宏碩,24,1,1
2015-08-21,新北府勞檢字第10430661351號,來來超商股份有限公司,張宏碩,32-2,0,1
2015-08-21,新北府勞檢字第1043066781號,新店客運股份有限公司,張俊雄,32-2,1,1
2015-08-25,新北府勞檢字第1043066813號,今勛企業股份有限公司,黃瑞興,22-2,1,1
2015-08-25,新北府勞檢字第1043066999號,新北市私立國泰老人長期照顧中心-養護型,陳立禹,32-2,1,1
2015-08-26,新北府勞檢字第1043066814號,海力士國際股份有限公司,許朝偉,32-2,1,1
2015-08-26,新北府勞檢字第10430668141號,海力士國際股份有限公司,許朝偉,41,0,1
2015-08-26,新北府勞檢字第1043066951號,創遠精密鋼模股份有限公司,江志坪,32-2,1,1
2015-08-26,新北府勞檢字第1043067059號,勇力營造股份有限公司,徐清鑫,30-5,1,1
2015-08-26,新北府勞檢字第1043067014號,致岡國際有限公司,莊勝富,24,1,1
2015-08-26,新北府勞檢字第1043067141號,小麵工坊義大利麵,林長生,24,1,1
2015-08-27,新北府勞檢字第10430671412號,小麵工坊義大利麵,林長生,39,0,1
2015-08-27,新北府勞檢字第1043067306號,晟瑋工業社,陳桂英,23-2,1,1
2015-08-28,新北府勞檢字第10430673061號,黃君豪,,22-2,1,1
2015-08-28,新北府勞檢字第10430673062號,黃君豪,,23-2,0,1
2015-08-28,新北府勞檢字第1043067197號,黃君豪,,30-5,0,1
2015-08-28,新北府勞檢字第1043067187號,德霆企業股份有限公司,李源泉,32-2,1,1
2015-08-28,新北府勞檢字第1043066812號,社團法人台北國際學舍協會,王紹堉,30-5,1,1
2015-08-28,新北府勞檢字第1043067270號,員全股份有限公司,劉丁淑惠,32-2,1,1
2015-08-28,新北府勞檢字第1043067227號,小島咖啡館,王蜀惠,24,1,1
2015-08-28,新北府勞檢字第10430674731號,士業工業有限公司,江美智,43,1,1
2015-08-28,新北府勞檢字第1043066991號,福泰保全股份有限公司,王志誠,24,1,1
2015-08-31,新北府勞檢字第10430669911號,福泰保全股份有限公司,王志誠,32-2,0,1
2015-08-31,新北府勞檢字第1043067338號,廷順企業股份有限公司,王永順,32-2,1,1
2015-08-31,新北府勞檢字第10430673381號,廷順企業股份有限公司,王永順,36,0,1
2015-08-31,新北府勞檢字第1043067242號,大眾商業銀行股份有限公司,陳建平,24,1,1
2015-09-01,新北府勞檢字第1043067385號,艾姆勒車電股份有限公司,林啟聖,32-2,1,1
2015-09-01,新北府勞檢字第10430673851號,艾姆勒車電股份有限公司,林啟聖,36,0,1
2015-09-02,新北府勞檢字第1043067515號,八仙樂園育樂股份有限公司,陳柏廷,32-2,1,1
2015-09-02,新北府勞檢字第10430675151號,八仙樂園育樂股份有限公司,陳柏廷,39,0,1
2015-09-02,新北府勞檢字第1043067622號,天昶企業有限公司,蔡宜恩,32-2,1,1
2015-09-02,新北府勞檢字第10430676221號,天昶企業有限公司,蔡宜恩,36,0,1
2015-09-02,新北府勞檢字第1043067582號,宇晨餐飲有限公司,王基偉,32-2,1,1
2015-09-02,新北府勞檢字第10430675821號,宇晨餐飲有限公司,王基偉,39,0,1
2015-09-02,新北府勞檢字第1043067246號,信綺絲織廠股份有限公司,黃榮三,24,1,1
2015-09-02,新北府勞檢字第10430672461號,信綺絲織廠股份有限公司,黃榮三,32-2,0,1
2015-09-02,新北府勞檢字第1043067583號,海味本舖,陳鉦程,32-2,1,1
2015-09-02,新北府勞檢字第10430675831號,海味本舖,陳鉦程,39,0,1
2015-09-02,新北府勞檢字第1043067616號,銳騰科技有限公司,葉益志,24,1,1
2015-09-02,新北府勞檢字第10430676161號,銳騰科技有限公司,葉益志,32-2,0,1
2015-09-03,新北府勞檢字第1043067981號,台灣城市動力股份有限公司,洪國修,22-2,1,1
2015-09-03,新北府勞檢字第1043067575號,益泰實業有限公司,劉漢中,32-2,1,1
2015-09-03,新北府勞檢字第1043067470號,統揚公寓大廈管理維護有限公司,林金和,32-2,1,1
2015-09-03,新北府勞檢字第1043067856號,甄香食品行,簡煒倫,30-5,1,1
2015-09-04,新北府勞檢字第1043067941號,臻遞電信工程有限公司,黃齡瑩,24,1,1
2015-09-07,新北府勞檢字第1043067903號,英華達股份有限公司,張景嵩,24,1,1
2015-09-07,新北府勞檢字第10430679031號,英華達股份有限公司,張景嵩,32-2,0,1
2015-09-07,新北府勞檢字第1043068256號,環隆科技股份有限公司,歐正明,32-2,1,1
2015-09-08,新北府勞檢字第1043067997號,德全醫院,鲍瑞璋,7,1,1
2015-09-08,新北府勞檢字第10430679971號,德全醫院,鲍瑞璋,23-2,0,1
2015-09-08,新北府勞檢字第10430679972號,德全醫院,鲍瑞璋,30-5,0,1
2015-09-09,新北府勞檢字第1043068228號,宏達國際電子股份有限公司,王雪紅,30-5,1,1
2015-09-09,新北府勞檢字第1043068418號,奇新鋁業股份有限公司,李宗耀,38,1,1
2015-09-09,新北府勞檢字第10430684601號,建曄欣業有限公司,李月燕,22-2,1,1
2015-09-09,新北府勞檢字第1043068253號,韋德針織有限公司,張思瑋,23-2,1,1
2015-09-09,新北府勞檢字第10430682531號,韋德針織有限公司,張思瑋,30-5,0,1
2015-09-09,新北府勞檢字第1043068246號,新巨企業股份有限公司,周進文,32-2,1,1
2015-09-10,新北府勞檢字第1043068400號,大垣人力資源顧問有限公司,吳阿炎,30-5,1,1
2015-09-10,新北府勞檢字第1043068703號,裕森企業有限公司,葉啟森,22-2,1,1
2015-09-10,新北府勞檢字第1043068675號,鋁祥發實業有限公司,王國慶,30-5,1,1
2015-09-11,新北府勞檢字第1043068695號,力科光電股份有限公司,李永法,32-2,1,1
2015-09-11,新北府勞檢字第10430686951號,力科光電股份有限公司,李永法,36,0,1
2015-09-11,新北府勞檢字第1043068314號,蕙生醫院,吳仲義,22-2,1,1
2015-09-11,新北府勞檢字第10430683141號,蕙生醫院,吳仲義,24,0,1
2015-09-11,新北府勞檢字第10430683142號,蕙生醫院,吳仲義,32-2,0,1
2015-09-11,新北府勞檢字第10430683143號,蕙生醫院,吳仲義,36,0,1
2015-09-11,新北府勞檢字第1043068677號,太發海鮮店,張育銜,30-5,1,1
2015-09-11,新北府勞檢字第1043068714號,富利食品股份有限公司,張樑,24,1,1
2015-09-11,新北府勞檢字第10430687141號,富利食品股份有限公司,張樑,32-2,0,1
2015-09-14,新北府勞檢字第1043068914號,衛生福利部臺北醫院,徐錦池,24,1,1
2015-09-16,新北府勞檢字第1043069264號,遠際股份有限公司,謝崇文,24,1,1
2015-09-17,新北府勞檢字第1043069422號,眾用車材製造股份有限公司,陳李美珠,24,1,1
2015-09-17,新北府勞檢字第10430694221號,眾用車材製造股份有限公司,陳李美珠,32-2,0,1
2015-09-17,新北府勞檢字第1043069608號,宏懋企業社,曾心瑩,30-5,1,1
2015-09-17,新北府勞檢字第1043069699號,順成食品實業有限公司,吳官明,32-2,1,1
2015-09-17,新北府勞檢字第1043069447號,四季紅餐廳,黃燕鳳,32-2,1,1
2015-09-18,新北府勞檢字第1043069430號,友勵企業有限公司,江芳貴,22-2,1,1
2015-09-18,新北府勞檢字第10430694301號,友勵企業有限公司,江芳貴,24,0,1
2015-09-18,新北府勞檢字第10430694302號,友勵企業有限公司,江芳貴,32-2,0,1
2015-09-18,新北府勞檢字第1043069121號,統一速達股份有限公司,陳瑞堂,32-2,1,1
2015-09-18,新北府勞檢字第1043069197號,凱基商業銀行股份有限公司,魏寶生,32-2,1,1
2015-09-18,新北府勞檢字第10430691971號,凱基商業銀行股份有限公司,魏寶生,49-1,0,1
2015-09-21,新北府勞檢字第1043069273號,啄木鳥商行,洪張金環,22-2,1,1
2015-09-21,新北府勞檢字第1043069248號,廣力企業行,楊廣發,36,1,1
2015-09-21,新北府勞檢字第10430692481號,廣力企業行,楊廣發,39,0,1
2015-09-22,新北府勞檢字第1043069711號,平安公寓大廈管理維護有限公司,陳志忠,30-5,1,1
2015-09-22,新北府勞檢字第1043069397號,甲天下通運有限公司,陳俊成,30-5,1,1
2015-09-22,新北府勞檢字第10430693971號,甲天下通運有限公司,陳俊成,38,0,1
2015-09-22,新北府勞檢字第1043069835號,兆豐食品行,黃兆崑,7,1,1
2015-09-22,新北府勞檢字第10430698351號,兆豐食品行,黃兆崑,30-5,0,1
2015-09-22,新北府勞檢字第1043069793號,精實企業管理顧問股份有限公司,林名正,30-5,1,1
2015-09-22,新北府勞檢字第1043069398號,遠揚營造工程股份有限公司,鄭燦鋒,24,1,1
2015-09-22,新北府勞檢字第10430693981號,遠揚營造工程股份有限公司,鄭燦鋒,30-5,0,1
2015-09-22,新北府勞檢字第10430693982號,遠揚營造工程股份有限公司,鄭燦鋒,32-2,0,1
2015-09-22,新北府勞檢字第10430693983號,遠揚營造工程股份有限公司,鄭燦鋒,36,0,1
2015-09-23,新北府勞檢字第1043069921號,九連環境開發股份有限公司,大藤保朗,24,1,1
2015-09-23,新北府勞檢字第10430699211號,九連環境開發股份有限公司,大藤保朗,32-2,0,1
2015-09-23,新北府勞檢字第1043069609號,五心級國際有限公司,高俊雄,9-1,1,1
2015-09-23,新北府勞檢字第10430696091號,五心級國際有限公司,高俊雄,24,0,1
2015-09-23,新北府勞檢字第10430696092號,五心級國際有限公司,高俊雄,36,0,1
2015-09-23,新北府勞檢字第10430696093號,五心級國際有限公司,高俊雄,39,0,1
2015-09-23,新北府勞檢字第1043069552號,京群超媒體股份有限公司,凌幼華,32-2,1,1
2015-09-23,新北府勞檢字第10430695461號,泓樹造園工程有限公司,楊國興,24,1,1
2015-09-23,新北府勞檢字第10430695462號,泓樹造園工程有限公司,楊國興,39,0,1
2015-09-23,新北府勞檢字第1043069548號,烏來觀光事業股份有限公司,王仁心,30-5,1,1
2015-09-23,新北府勞檢字第1043069852號,高加加油站企業有限公司,韓國才,22-2,1,1
2015-09-23,新北府勞檢字第10430698521號,高加加油站企業有限公司,韓國才,36,0,1
2015-09-23,新北府勞檢字第10430698522號,高加加油站企業有限公司,韓國才,39,0,1
2015-09-23,新北府勞檢字第1043069926號,朝昶科技股份有限公司,戴銘英,24,1,1
2015-09-23,新北府勞檢字第1043069933號,萊爾富國際股份有限公司,汪林祥,36,1,1
2015-09-24,新北府勞檢字第1043069742號,天下景觀工程有限公司,黃文進,59-1-2,1,1
2015-09-24,新北府勞檢字第1043069836號,日陞企管顧問有限公司,張哲聲,24,1,1
2015-09-24,新北府勞檢字第10430698361號,日陞企管顧問有限公司,張哲聲,32-2,0,1
2015-09-24,新北府勞檢字第10430698362號,日陞企管顧問有限公司,張哲聲,36,0,1
2015-09-24,新北府勞檢字第1043069687號,台灣三花棉製業股份有限公司,洪德任,24,1,1
2015-09-24,新北府勞檢字第1043069811號,宏翰國際機械股份有限公司,江雅雯,24,1,1
2015-09-24,新北府勞檢字第10430698111號,宏翰國際機械股份有限公司,江雅雯,32-2,0,1
2015-09-24,新北府勞檢字第1043069680號,春原營造股份有限公司,蔡常義,24,1,1
2015-09-24,新北府勞檢字第10430696801號,春原營造股份有限公司,蔡常義,30-5,0,1
2015-09-24,新北府勞檢字第10430696802號,春原營造股份有限公司,蔡常義,32-2,0,1
2015-09-24,新北府勞檢字第10430696803號,春原營造股份有限公司,蔡常義,36,0,1
2015-09-24,新北府勞檢字第1043070095號,香港商世界健身股份有限公司,柯約翰,24,1,1
2015-09-24,新北府勞檢字第10430700951號,香港商世界健身股份有限公司,柯約翰,32-2,0,1
2015-09-24,新北府勞檢字第1043070308號,堅順股份有限公司,李茂久,22-2,1,1
2015-09-25,新北府勞檢字第1043069803號,上海商業儲蓄銀行股份有限公司,榮鴻慶,24,1,1
2015-09-25,新北府勞檢字第1043069818號,巨匠電腦股份有限公司,鍾梁權,9-1,1,1
2015-09-25,新北府勞檢字第1043069804號,全球傳動科技股份有限公司,李清崑,32-2,1,1
2015-09-25,新北府勞檢字第1043070346號,吉帝精密工業股份有限公司,徐煜文,32-2,1,1
2015-09-25,新北府勞檢字第1043070133號,亞伊髮型派,林麵,68,1,1
2015-09-25,新北府勞檢字第1043070307號,阜爾停車事業股份有限公司,楊文杰,24,1,1
2015-09-25,新北府勞檢字第10430703071號,阜爾停車事業股份有限公司,楊文杰,32-2,0,1
2015-09-25,新北府勞檢字第1043070258號,凱基商業銀行股份有限公司,魏寶生,32-1,1,1
2015-09-25,新北府勞檢字第1043069973號,創益科技顧問股份有限公司,謝長安,23-1,1,1
2015-09-25,新北府勞檢字第10430699731號,創益科技顧問股份有限公司,謝長安,24,0,1
2015-09-25,新北府勞檢字第1043069813號,精能光學股份有限公司,胡湘麒,24,1,1
2015-09-25,新北府勞檢字第10430698131號,精能光學股份有限公司,胡湘麒,32-2,0,1
2015-09-25,新北府勞檢字第1043069950號,忠華車業行,藍弘翔,30-5,1,1
2015-09-30,新北府勞檢字第1043069967號,力山保全股份有限公司,楊居淳,30-5,1,1
2015-09-30,新北府勞檢字第1043070129號,合家日式涮涮鍋,王政凱,32-2,1,1
2015-09-30,新北府勞檢字第10430701291號,合家日式涮涮鍋,王政凱,30-5,0,1
2015-09-30,新北府勞檢字第1043070440號,科泰保全股份有限公司,張安寧,24,1,1
2015-09-30,新北府勞檢字第10430704401號,科泰保全股份有限公司,張安寧,32-2,0,1
2015-09-30,新北府勞檢字第1043070412號,統聯汽車客運股份有限公司,呂奇峯,32-2,1,1
2015-09-30,新北府勞檢字第1043070096號,傳動數位設計印刷有限公司,何佳昌,21-1,1,1
2015-09-30,新北府勞檢字第10430700961號,傳動數位設計印刷有限公司,何佳昌,30-5,0,1
2015-09-30,新北府勞檢字第1043069993號,臺灣中小企業銀行股份有限公司,朱潤逢,24,1,1
2015-09-30,新北府勞檢字第1043070108號,慶豐保全股份有限公司,陳勇志,24,1,1
2015-09-30,新北府勞檢字第10430701081號,慶豐保全股份有限公司,陳勇志,32-2,0,1
2015-09-30,新北府勞檢字第1043070352號,麒達企業股份有限公司,林澤聘,24,1,1
2015-09-30,新北府勞檢字第10430703521號,麒達企業股份有限公司,林澤聘,32-2,0,1
2015-10-01,新北府勞檢字第1043070425號,京群超媒體股份有限公司,凌幼華,24,1,1
2015-10-01,新北府勞檢字第1043070103號,榮金營造工程股份有限公司,侯憲航,32-2,1,1
2015-10-01,新北府勞檢字第10430701031號,榮金營造工程股份有限公司,侯憲航,36,0,1
2015-10-01,新北府勞檢字第10430701032號,榮金營造工程股份有限公司,侯憲航,24,0,1
2015-10-01,新北府勞檢字第1043070100號,興州科技有限公司,宋志聰,21-1,1,1
2015-10-01,新北府勞檢字第1043070379號,聯鋼運輸有限公司,黃文香,30-5,1,1
2015-10-02,新北府勞檢字第1043070304號,巨煬企業有限公司,林均諺,24,1,1
2015-10-02,新北府勞檢字第10430703041號,巨煬企業有限公司,林均諺,30-5,0,1
2015-10-02,新北府勞檢字第10430703042號,巨煬企業有限公司,林均諺,38,0,1
2015-10-02,新北府勞檢字第1043070626號,共同存在國際餐飲股份有限公司,劉順強,24,1,1
2015-10-02,新北府勞檢字第10430706261號,共同存在國際餐飲股份有限公司,劉順強,36,0,1
2015-10-02,新北府勞檢字第1043070280號,順浩科技股份有限公司,陳順治,22-2,1,1
2015-10-02,新北府勞檢字第10430702801號,順浩科技股份有限公司,陳順治,24,0,1
2015-10-02,新北府勞檢字第10430702802號,順浩科技股份有限公司,陳順治,32-2,0,1
2015-10-02,新北府勞檢字第1043070382號,井上企業社,黃秀芷,30-5,1,1
2015-10-02,新北府勞檢字第10430703821號,井上企業社,黃秀芷,36,0,1
2015-10-02,新北府勞檢字第1043070524號,達美樂披薩股份有限公司,潘思亮,24,1,1
2015-10-02,新北府勞檢字第1043070720號,聯展電機實業有限公司,任麗敏,32-2,1,1
2015-10-05,新北府勞檢字第1043070385號,全智工業股份有限公司,郭光裕,32-2,1,1
2015-10-05,新北府勞檢字第10430703851號,全智工業股份有限公司,郭光裕,36,0,1
2015-10-05,新北府勞檢字第1043070679號,晉茂機械五金有限公司,陳春媛,32-2,1,1
2015-10-05,新北府勞檢字第10430706791號,晉茂機械五金有限公司,陳春媛,36,0,1
2015-10-05,新北府勞檢字第1043070939號,統一洗染有限公司,黃俊榕,36,1,1
2015-10-05,新北府勞檢字第1043070606號,緯創資通股份有限公司,林憲銘,32-2,1,1
2015-10-06,新北府勞檢字第1043070883號,台灣基督教長老教會淡江學校財團法人新北市私立淡江高級中學,劉建政,30-5,1,1
2015-10-06,新北府勞檢字第1043070911號,均輝企業有限公司,黃冠傑,24,1,1
2015-10-06,新北府勞檢字第1043070997號,城昌企業股份有限公司,張俊儀,24,1,1
2015-10-06,新北府勞檢字第1043070981號,恆動力有限公司,陳守謙,24,1,1
2015-10-06,新北府勞檢字第10430709811號,恆動力有限公司,陳守謙,32-2,0,1
2015-10-06,新北府勞檢字第10430709812號,恆動力有限公司,陳守謙,36,0,1
2015-10-06,新北府勞檢字第1043071024號,連秦進出口貿易有限公司,張和錦,36,1,1
2015-10-07,新北府勞檢字第1043071007號,大有巴士股份有限公司,陳德雄,32-2,1,1
2015-10-07,新北府勞檢字第1043070675號,全展興實業股份有限公司,蔡秀蓮,30-5,1,1
2015-10-07,新北府勞檢字第1043070676號,特異有限公司,鄭惠云,32-2,1,1
2015-10-07,新北府勞檢字第10430706761號,特異有限公司,鄭惠云,38,0,1
2015-10-07,新北府勞檢字第1043070924號,達隆企業有限公司,余金榮,24,1,1
2015-10-08,新北府勞檢字第1043071055號,金洋商行,杜秀珠,30-5,1,1
2015-10-08,新北府勞檢字第10430710511號,怡東人事顧問股份有限公司,劉東奇,30-5,1,1
2015-10-08,新北府勞檢字第1043071208號,昌達精密工業股份有限公司,陳茂昌,24,1,1
2015-10-08,新北府勞檢字第10430712081號,昌達精密工業股份有限公司,陳茂昌,32-2,0,1
2015-10-08,新北府勞檢字第1043070908號,碧瑤江山第二期公寓大廈管理委員會,何信宗,24,1,1
2015-10-12,新北府勞檢字第1043071179號,全達工業股份有限公司,古換和,24,1,1
2015-10-12,新北府勞檢字第10430711791號,全達工業股份有限公司,古換和,30-5,0,1
2015-10-12,新北府勞檢字第10430711792號,全達工業股份有限公司,古換和,32-2,0,1
2015-10-12,新北府勞檢字第1043071205號,宇晟機械工程股份有限公司,張清美,30-5,1,1
2015-10-12,新北府勞檢字第10430712051號,宇晟機械工程股份有限公司,張清美,32-2,0,1
2015-10-12,新北府勞檢字第1043071631號,佶成通運有限公司,陳重成,16,1,1
2015-10-12,新北府勞檢字第1043071052號,尚昀企業有限公司,陳駿明,23-2,1,1
2015-10-12,新北府勞檢字第10430710521號,尚昀企業有限公司,陳駿明,24,0,1
2015-10-12,新北府勞檢字第10430710522號,尚昀企業有限公司,陳駿明,30-5,0,1
2015-10-12,新北府勞檢字第10430710523號,尚昀企業有限公司,陳駿明,32-2,0,1
2015-10-12,新北府勞檢字第10430710524號,尚昀企業有限公司,陳駿明,36,0,1
2015-10-12,新北府勞檢字第10430710525號,尚昀企業有限公司,陳駿明,39,0,1
2015-10-12,新北府勞檢字第1043071174號,國泰世華商業銀行股份有限公司,陳祖培,30-5,1,1
2015-10-13,新北府勞檢字第1043071206號,力盟商行,林錫榮,23-2,1,1
2015-10-13,新北府勞檢字第10430712071號,輿智資通科技股份有限公司,楊雲榮,24,1,1
2015-10-13,新北府勞檢字第1043071466號,南北鮮果行,鍾協志,24,1,1
2015-10-13,新北府勞檢字第10430714661號,南北鮮果行,鍾協志,32-2,0,1
2015-10-14,新北府勞檢字第10430714082號,大鶯儀器廠股份有限公司,古陳素月,32-2,1,1
2015-10-14,新北府勞檢字第1043071719號,秉瀚食品股份有限公司,謝忠達,23-1,1,1
2015-10-14,新北府勞檢字第1043071906號,菓風小舖股份有限公司,楊惠娟,24,1,1
2015-10-14,新北府勞檢字第10430719061號,菓風小舖股份有限公司,楊惠娟,36,0,1
2015-10-14,新北府勞檢字第10430719062號,菓風小舖股份有限公司,楊惠娟,39,0,1
2015-10-14,新北府勞檢字第1043071694號,漁拓企業股份有限公司,曾木坤,36,1,1
2015-10-15,新北府勞檢字第1043071696號,天下保全股份有限公司,劉正昆,30-5,1,1
2015-10-15,新北府勞檢字第10430716961號,天下保全股份有限公司,劉正昆,32-2,0,1
2015-10-15,新北府勞檢字第10430716962號,天下保全股份有限公司,劉正昆,36,0,1
2015-10-15,新北府勞檢字第1043071651號,休閒國聯股份有限公司,傅信欽,24,1,1
2015-10-15,新北府勞檢字第1043072048號,添財工程行,李添才,24,1,1
2015-10-15,新北府勞檢字第1043071903號,上喜小館,莊明峯,24,1,1
2015-10-15,新北府勞檢字第10430719031號,上喜小館,莊明峯,39,0,1
2015-10-15,新北府勞檢字第1043072090號,豪沛企業社,陳志豪,30-5,1,1
2015-10-15,新北府勞檢字第1043071702號,華昱精密科技有限公司,鄧再利,24,1,1
2015-10-15,新北府勞檢字第10430717021號,華昱精密科技有限公司,鄧再利,32-2,0,1
2015-10-15,新北府勞檢字第1043071583號,遠冠股份有限公司,徐承義,24,1,1
2015-10-15,新北府勞檢字第10430715831號,遠冠股份有限公司,徐承義,32-2,0,1
2015-10-16,新北府勞檢字第1043071749號,九大視訊系統有限公司,董麗敏,22-2,1,1
2015-10-16,新北府勞檢字第1043072138號,大瓏企業股份有限公司,劉惠珍,32-2,1,1
2015-10-16,新北府勞檢字第1043071982號,淡水汽車客運股份有限公司,呂奇峯,32-2,1,1
2015-10-16,新北府勞檢字第10430719821號,淡水汽車客運股份有限公司,呂奇峯,36,0,1
2015-10-16,新北府勞檢字第1043071790號,紳暉精密科技股份有限公司,郭萬國,32-2,1,1
2015-10-16,新北府勞檢字第1043072407號,雄雅實業有限公司,陳麍麟,23-2,1,1
2015-10-19,新北府勞檢字第1043072435號,旭峰商行,任守州,24,1,1
2015-10-19,新北府勞檢字第10430724351號,旭峰商行,任守州,39,0,1
2015-10-19,新北府勞檢字第1043072076號,碧瑤江山第二期公寓大廈管理委員會,何信宗,32-2,1,1
2015-10-20,新北府勞檢字第1043072365號,吉澤有限公司,簡碧玲,30-5,1,1
2015-10-21,新北府勞檢字第1043072536號,巧沛國際股份有限公司,陳國堂,24,1,1
2015-10-21,新北府勞檢字第1043072563號,佳琦科技有限公司,黃啟峯,24,1,1
2015-10-21,新北府勞檢字第10430725631號,佳琦科技有限公司,黃啟峯,36,0,1
2015-10-21,新北府勞檢字第1043072608號,相互股份有限公司,陳旭東,24,1,1
2015-10-21,新北府勞檢字第10430726081號,相互股份有限公司,陳旭東,36,0,1
2015-10-21,新北府勞檢字第1043072371號,紅樹林有線電視股份有限公司,郭朝男,24,1,1
2015-10-21,新北府勞檢字第1043072359號,迪斯油壓工業股份有限公司,黃火煌,24,1,1
2015-10-21,新北府勞檢字第10430723591號,迪斯油壓工業股份有限公司,黃火煌,32-2,0,1
2015-10-21,新北府勞檢字第1043072874號,國興保全股份有限公司,王惠昌,22-2,1,1
2015-10-21,新北府勞檢字第1043072843號,統皓食品股份有限公司,鄭得興,24,1,1
2015-10-21,新北府勞檢字第10430728431號,統皓食品股份有限公司,鄭得興,36,0,1
2015-10-22,新北府勞檢字第1043073062號,士潔服務有限公司,胡小政,22-2,1,1
2015-10-22,新北府勞檢字第10430730621號,士潔服務有限公司,胡小政,24,0,1
2015-10-22,新北府勞檢字第1043072801號,今盈齒輪股份有限公司,蘇進旺,36,1,1
2015-10-22,新北府勞檢字第1043073105號,文菱科技股份有限公司,吳嘉昭,32-2,1,1
2015-10-22,新北府勞檢字第1043073135號,安盛精密工業股份有限公司,倪仁僖,32-2,1,1
2015-10-22,新北府勞檢字第10430731351號,安盛精密工業股份有限公司,倪仁僖,36,0,1
2015-10-22,新北府勞檢字第1043072692號,宗成股份有限公司, 李文宗,43,1,1
2015-10-22,新北府勞檢字第1043073119號,怡保保全股份有限公司,王慧明,32-2,1,1
2015-10-22,新北府勞檢字第10430731191號,怡保保全股份有限公司,王慧明,36,0,1
2015-10-22,新北府勞檢字第1043072681號,柑仔店股份有限公司,陳德倫,24,1,1
2015-10-22,新北府勞檢字第1043072510號,康武企業股份有限公司,何大仁,32-2,1,1
2015-10-23,新北府勞檢字第1043072691號,溪仔邊烤肉飯店,沈清課,36,1,1
2015-10-23,新北府勞檢字第10430726911號,溪仔邊烤肉飯店,沈清課,39,0,1
2015-10-23,新北府勞檢字第1043073108號,日豐企業社,林哲名,36,1,1
2015-10-23,新北府勞檢字第1043073052號,永承企業社,林靜宜,22-2,1,1
2015-10-23,新北府勞檢字第1043072848號,眼經數位列印股份有限公司,劉榮州,24,1,1
2015-10-23,新北府勞檢字第10430728481號,眼經數位列印股份有限公司,劉榮州,30-5,0,1
2015-10-26,新北府勞檢字第1043072919號,冠偉科技股份有限公司,張盈倉,32-2,1,1
2015-10-27,新北府勞檢字第1043073436號,全家便利商店股份有限公司,葉榮廷,32-2,1,1
2015-10-27,新北府勞檢字第1043073226號,帆亞精密有限公司,李雲卿,24,1,1
2015-10-27,新北府勞檢字第10430732261號,帆亞精密有限公司,李雲卿,32-2,0,1
2015-10-27,新北府勞檢字第1043073434號,小路企業社,余雅琪,32-2,1,1
2015-10-27,新北府勞檢字第1043073412號,有您真好企業社,高正裕,32-2,1,1
2015-10-27,新北府勞檢字第1043073038號,國弘公寓大廈管理維護有限公司,裴建銀,24,1,1
2015-10-27,新北府勞檢字第10430730381號,國弘公寓大廈管理維護有限公司,裴建銀,30-5,0,1
2015-10-27,新北府勞檢字第10430730382號,國弘公寓大廈管理維護有限公司,裴建銀,32-2,0,1
2015-10-28,新北府勞檢字第1043073225號,台北小別墅社區公寓大廈管理委員會,林麗華,22-2,1,1
2015-10-28,新北府勞檢字第10430732251號,台北小別墅社區公寓大廈管理委員會,林麗華,30-5,0,1
2015-10-28,新北府勞檢字第1043073824號,匡映企業有限公司,陳坤城,32-2,1,1
2015-10-28,新北府勞檢字第1043073232號,車麗屋汽車百貨股份有限公司,卓豐閔,24,1,1
2015-10-28,新北府勞檢字第1043073618號,新竹物流股份有限公司,許育瑞,30-5,1,1
2015-10-28,新北府勞檢字第1043073633號,東芮企業社,楊雅妮,24,1,1
2015-10-28,新北府勞檢字第10430736331號,東芮企業社,楊雅妮,39,0,1
2015-10-29,新北府勞檢字第1043073409號,新北市私立樹林育林幼兒園,陳明紅,24,1,1
2015-10-29,新北府勞檢字第1043073413號,名昇企業社,劉媄,39,1,1
2015-10-29,新北府勞檢字第1043073411號,毅潔環保有限公司,鐘美玲,24,1,1
2015-10-30,新北府勞檢字第10430739571號,茗泰茶行,林建銘,30-5,1,1
2015-10-30,新北府勞檢字第1043074088號,亞伯蘭企業社,黃俊緯,24,1,1
2015-10-30,新北府勞檢字第10430740881號,亞伯蘭企業社,黃俊緯,36,0,1
2015-10-30,新北府勞檢字第10430740882號,亞伯蘭企業社,黃俊緯,39,0,1
2015-11-02,新北府勞檢字第1043073870號,競國實業股份有限公司,曹月霞,24,1,1
2015-11-02,新北府勞檢字第1043074082號,美堤食品有限公司,黃晉逸,24,1,1
2015-11-02,新北府勞檢字第10430740821號,美堤食品有限公司,黃晉逸,32-2,0,1
2015-11-02,新北府勞檢字第1043073866號,台劦企業股份有限公司,林雍順,24,1,1
2015-11-02,新北府勞檢字第10430738661號,台劦企業股份有限公司,林雍順,32-2,0,1
2015-11-02,新北府勞檢字第10430738662號,台劦企業股份有限公司,林雍順,36,0,1
2015-11-02,新北府勞檢字第10430741951號,鉅秀有限公司,李秀超,36,1,1
2015-11-02,新北府勞檢字第1043074176號,忠儀企業股份有限公司,楊垂青,32-2,1,1
2015-11-02,新北府勞檢字第10430741761號,忠儀企業股份有限公司,楊垂青,36,0,1
2015-11-02,新北府勞檢字第1043074268號,南亞電路板股份有限公司,吳嘉昭,32-2,1,1
2015-11-02,新北府勞檢字第1043074295號,伯朗咖啡股份有限公司,李玉鼎,30-5,1,1
2015-11-03,新北府勞檢字第1043073865號,杏福牙醫診所,張家福,24,1,1
2015-11-03,新北府勞檢字第1043074279號,五花馬國際行銷股份有限公司,劉甲昇,36,1,1
2015-11-03,新北府勞檢字第1043074273號,雄多股份有限公司,張宗棠,24,1,1
2015-11-03,新北府勞檢字第10430742731號,雄多股份有限公司,張宗棠,32-2,0,1
2015-11-03,新北府勞檢字第1043073864號,耀盛保全股份有限公司,林慶忠,30-5,1,1
2015-11-03,新北府勞檢字第1043073868號,三商行股份有限公司,陳翔玢,24,1,1
2015-11-03,新北府勞檢字第10430738681號,三商行股份有限公司,陳翔玢,30-5,0,1
2015-11-04,新北府勞檢字第1043074453號,唐埕保全股份有限公司,謝忠村,30-5,1,1
2015-11-04,新北府勞檢字第1043074065號,連傑油壓工業股份有限公司,王燦雄,32-2,1,1
2015-11-05,新北府勞檢字第1043074318號,安興物業管理顧問股份有限公司,張全成,22-2,1,1
2015-11-05,新北府勞檢字第10430743181號,安興物業管理顧問股份有限公司,張全成,32-2,0,1
2015-11-05,新北府勞檢字第10430743182號,安興物業管理顧問股份有限公司,張全成,36,0,1
2015-11-05,新北府勞檢字第1043074419號,鵬懷有限公司,張秀霞,30-5,1,1
2015-11-05,新北府勞檢字第1043074233號,優視覺溝通有限公司,吳嘉政,30-5,1,1
2015-11-05,新北府勞檢字第1043074373號,証傳科技股份有限公司,王冠程,24,1,1
2015-11-06,新北府勞檢字第1043074568號,永欣鋁業股份有限公司,林要然,22-2,1,1
2015-11-06,新北府勞檢字第10430745681號,永欣鋁業股份有限公司,林要然,24,0,1
2015-11-06,新北府勞檢字第1043074900號,貴族中正有限公司,李建毅,30-5,1,1
2015-11-06,新北府勞檢字第1043074375號,臺灣新吉美碩股份有限公司,白海格,24,1,1
2015-11-06,新北府勞檢字第10430743751號,臺灣新吉美碩股份有限公司,白海格,30-5,0,1
2015-11-06,新北府勞檢字第1043074902號,天錡精密工業股份有限公司,蔡榮祿,24,1,1
2015-11-06,新北府勞檢字第10430749021號,天錡精密工業股份有限公司,蔡榮祿,32-2,0,1
2015-11-06,新北府勞檢字第10430749022號,天錡精密工業股份有限公司,蔡榮祿,36,0,1
2015-11-06,新北府勞檢字第1043074941號,友正電機股份有限公司,邱增泉,22-2,1,1
2015-11-06,新北府勞檢字第1043074372號,山悅模座企業社,程彩杏,30-5,1,1
2015-11-09,新北府勞檢字第1043074931號,泳紀股份有限公司,曾長祥,30-5,1,1
2015-11-09,新北府勞檢字第1043074850號,旺家貿易股份有限公司,楊興財,32-2,1,1
2015-11-09,新北府勞檢字第1043074877號,昱嘉實業有限公司,楊永輝,30-5,1,1
2015-11-09,新北府勞檢字第1043075150號,人利有限公司,羅凌傑,32-2,1,1
2015-11-09,新北府勞檢字第10430751501號,人利有限公司,羅凌傑,39,0,1
2015-11-09,新北府勞檢字第1043074555號,全聯實業股份有限公司,林敏雄,24,1,1
2015-11-09,新北府勞檢字第10430745551號,全聯實業股份有限公司,林敏雄,30-5,0,1
2015-11-09,新北府勞檢字第1043075168號,巨輪興業有限公司,陳正忠,30-5,1,1
2015-11-10,新北府勞檢字第1043074967號,篁璞建設有限公司,黃智勇,24,1,1
2015-11-10,新北府勞檢字第10430749671號,篁璞建設有限公司,黃智勇,32-2,0,1
2015-11-10,新北府勞檢字第1043075242號,晶輝企業有限公司,洪貴枝,22-2,1,1
2015-11-10,新北府勞檢字第10430752421號,晶輝企業有限公司,洪貴枝,24,0,1
2015-11-10,新北府勞檢字第1043075134號,金冠益社,林冠佑,30-5,1,1
2015-11-10,新北府勞檢字第10430751341號,金冠益社,林冠佑,36,0,1
2015-11-10,新北府勞檢字第1043074876號,準達企業有限公司,吳鏡揚,24,1,1
2015-11-10,新北府勞檢字第1043075124號,展易壓克力有限公司,王辰威,7,1,1
2015-11-10,新北府勞檢字第10430751241號,展易壓克力有限公司,王辰威,23-2,0,1
2015-11-10,新北府勞檢字第10430751242號,展易壓克力有限公司,王辰威,36,0,1
2015-11-10,新北府勞檢字第1043074676號,林復森耳鼻喉科診所,林復森,24,1,1
2015-11-10,新北府勞檢字第10430746761號,林復森耳鼻喉科診所,林復森,39,0,1
2015-11-10,新北府勞檢字第1043075041號,源鈦金屬工業有限公司,蘇有信,32-2,1,1
2015-11-10,新北府勞檢字第1043075334號,萬陽貿易有限公司,徐瑩慧,30-5,1,1
2015-11-10,新北府勞檢字第1043074872號,永晟家具有限公司,王榮澤,36,1,1
2015-11-11,新北府勞檢字第1043074874號,本昭興業股份有限公司,陳明玉,36,1,1
2015-11-11,新北府勞檢字第1043074968號,祺美家飾企業有限公司,朱德義,36,1,1
2015-11-11,新北府勞檢字第1043075471號,正月科技股份有限公司,張文榕,30-5,1,1
2015-11-12,新北府勞檢字第10430755961號,新北區農產股份有限公司,林聰明,36,1,1
2015-11-12,新北府勞檢字第1043075042號,三江電機企業股份有限公司,江佳士,22-2,1,1
2015-11-12,新北府勞檢字第1043075043號,林堯企業社,葉林堯,24,1,1
2015-11-12,新北府勞檢字第1043075044號,小小麥速食店,朱展明,21-1,1,1
2015-11-12,新北府勞檢字第1043075416號,盛隆五金股份有限公司,翁尚勳,32-2,1,1
2015-11-12,新北府勞檢字第1043075672號,長峰文理珠心算短期補習班,杜麗卿,21-1,1,1
2015-11-12,新北府勞檢字第1043075608號,裕盛商行,顏秀芳,32-2,1,1
2015-11-12,新北府勞檢字第1043075677號,捷世登國際股份有限公司,張榮欽,30-5,1,1
2015-11-13,新北府勞檢字第1043075644號,標準電機有限公司,謝水源,22-2,1,1
2015-11-13,新北府勞檢字第1043075413號,太佶昌企業社,蔡穎毅,23-2,1,1
2015-11-13,新北府勞檢字第10430754131號,太佶昌企業社,蔡穎毅,30-5,0,1
2015-11-13,新北府勞檢字第1043075680號,立味小吃店,蔡育霖,36,1,1
2015-11-16,新北府勞檢字第1043075411號,可尼卡實業股份有限公司,徐維駿,22-2,1,1
2015-11-16,新北府勞檢字第1043075847號,閎展企業社,林明義,30-5,1,1
2015-11-16,新北府勞檢字第1043075583號,天淇商行,莊子誠,36,1,1
2015-11-16,新北府勞檢字第1043075709號,吉利佳企業社,林子峻,30-5,1,1
2015-11-16,新北府勞檢字第1043075414號,回鴻國際有限公司,黃阿鳳,24,1,1
2015-11-16,新北府勞檢字第10430754141號,回鴻國際有限公司,黃阿鳳,39,0,1
2015-11-16,新北府勞檢字第1043075437號,旭業精密股份有限公司,陳宥瑋,32-2,1,1
2015-11-16,新北府勞檢字第1043075410號,新視波有線電視股份有限公司,陳煥鵬,32-2,1,1
2015-11-16,新北府勞檢字第10430754101號,新視波有線電視股份有限公司,陳煥鵬,36,0,1
2015-11-16,新北府勞檢字第1043075853號,儒鴻企業股份有限公司,洪鎮海,32-2,1,1
2015-11-16,新北府勞檢字第10430758531號,儒鴻企業股份有限公司,洪鎮海,36,0,1
2015-11-16,新北府勞檢字第1043075887號,吉仕食品股份有限公司,許明文,32-2,1,1
2015-11-16,新北府勞檢字第1043075970號,成易精密工業股份有限公司,鄭清,32-2,1,1
2015-11-17,新北府勞檢字第1043076263號,立婕有限公司,陳佩佳,32-2,1,1
2015-11-17,新北府勞檢字第1043076258號,松億精密股份有限公司,陳姿蓉,22-2,1,1
2015-11-17,新北府勞檢字第1043075719號,交通部臺灣鐵路管理局,周永暉,34-2,1,1
2015-11-17,新北府勞檢字第1043076289號,天鎰保全股份有限公司,翁添木,32-2,1,1
2015-11-18,新北府勞檢字第1043076176號,國光汽車客運股份有限公司,陳浴生,32-2,1,1
2015-11-18,新北府勞檢字第1043075979號,康禾保全股份有限公司,陳鐵肩,21-1,1,1
2015-11-18,新北府勞檢字第10430759791號,康禾保全股份有限公司,陳鐵肩,24,0,1
2015-11-18,新北府勞檢字第1043075771號,集野有限公司,丁惠雅,24,1,1
2015-11-18,新北府勞檢字第10430757711號,集野有限公司,丁惠雅,30-5,0,1
2015-11-18,新北府勞檢字第1043075768號,亞東保全股份有限公司,許啟正,32-2,1,1
2015-11-18,新北府勞檢字第1043075769號,亞東物業管理服務有限公司,葉紹芬,32-2,1,1
2015-11-18,新北府勞檢字第10430757691號,亞東物業管理服務有限公司,葉紹芬,36,0,1
2015-11-18,新北府勞檢字第1043075999號,勝億牙體技術所,程書專,23-2,1,1
2015-11-18,新北府勞檢字第10430759991號,勝億牙體技術所,程書專,30-5,0,1
2015-11-18,新北府勞檢字第1043076154號,康柏思有限公司,簡兆佑,24,1,1
2015-11-18,新北府勞檢字第10430761541號,康柏思有限公司,簡兆佑,32-2,0,1
2015-11-19,新北府勞檢字第1043076182號,永記造漆工業股份有限公司,沈鴻烈,24,1,1
2015-11-19,新北府勞檢字第1043076191號,喬大彈簧股份有限公司,洪靜儀,22-2,1,1
2015-11-19,新北府勞檢字第10430761911號,喬大彈簧股份有限公司,洪靜儀,24,0,1
2015-11-19,新北府勞檢字第10430761912號,喬大彈簧股份有限公司,洪靜儀,43,0,1
2015-11-19,新北府勞檢字第1043076295號,建鴻工業有限公司,陳武煉,24,1,1
2015-11-19,新北府勞檢字第10430762951號,建鴻工業有限公司,陳武煉,30-5,0,1
2015-11-19,新北府勞檢字第10430762952號,建鴻工業有限公司,陳武煉,32-2,0,1
2015-11-19,新北府勞檢字第10430762953號,建鴻工業有限公司,陳武煉,36,0,1
2015-11-19,新北府勞檢字第1043076299號,世佑電機有限公司,傅秋竹,24,1,1
2015-11-19,新北府勞檢字第1043076313號,高藝廣告有限公司,趙文松,24,1,1
2015-11-19,新北府勞檢字第1043075922號,糧驛實業有限公司,鄭漢堂,30-5,1,1
2015-11-19,新北府勞檢字第1043076542號,勞朋企業有限公司,簡惠美,22-2,1,1
2015-11-19,新北府勞檢字第1043075921號,超級達可茶飲三重店,楊信鴻,21-1,1,1
2015-11-19,新北府勞檢字第10430759211號,超級達可茶飲三重店,楊信鴻,32-2,0,1
2015-11-19,新北府勞檢字第1043076392號,百泰齊股份有限公司,簡世宏,24,1,1
2015-11-20,新北府勞檢字第1043076096號,潔新洗衣事業有限公司,張朝閔,24,1,1
2015-11-20,新北府勞檢字第10430760961號,潔新洗衣事業有限公司,張朝閔,32-2,0,1
2015-11-20,新北府勞檢字第1043076257號,先鋒模型設計股份有限公司,謝振盛,24,1,1
2015-11-20,新北府勞檢字第10430762571號,先鋒模型設計股份有限公司,謝振盛,36,0,1
2015-11-20,新北府勞檢字第1043076259號,清豐實業有限公司,陳秋汀,22-2,1,1
2015-11-20,新北府勞檢字第10430762591號,清豐實業有限公司,陳秋汀,24,0,1
2015-11-20,新北府勞檢字第1043076697號,新視界生活科技有限公司,楊秋鴻,22-2,1,1
2015-11-20,新北府勞檢字第1043076414號,健又美企業社,張慧淳,30-5,1,1
2015-11-20,新北府勞檢字第1043076408號,大威噴砂機械有限公司,於鳳蘭,24,1,1
2015-11-20,新北府勞檢字第1043076642號,柏捷企業有限公司,吳文環,30-5,1,1
2015-11-20,新北府勞檢字第10430760871號,基隆汽車客運股份有限公司,呂奇峰,32-2,1,1
2015-11-20,新北府勞檢字第10430760872號,基隆汽車客運股份有限公司,呂奇峰,36,0,1
2015-11-20,新北府勞檢字第1043076082號,新屋力懋鋁業股份有限公司,周克賢,24,1,1
2015-11-20,新北府勞檢字第10430760821號,新屋力懋鋁業股份有限公司,周克賢,32-2,0,1
2015-11-23,新北府勞檢字第1043076415號,華姿髮型名店,陳雍元,39,1,1
2015-11-23,新北府勞檢字第1043076308號,野柳渡假村股份有限公司,侯尊中,24,1,1
2015-11-23,新北府勞檢字第1043076246號,國廣機械工程有限公司,鄭愛華,22-2,1,1
2015-11-23,新北府勞檢字第10430762461號,國廣機械工程有限公司,鄭愛華,30-5,0,1
2015-11-23,新北府勞檢字第1043076411號,銘仁國際開發有限公司,廖大新,24,1,1
2015-11-23,新北府勞檢字第1043076742號,華辰影像科技股份有限公司,陳錫麟,30-5,1,1
2015-11-23,新北府勞檢字第10430766741號,優世環境有限公司,林信良,30-5,1,1
2015-11-23,新北府勞檢字第1043076412號,安利實業社,段子貢,30-5,1,1
2015-11-23,新北府勞檢字第1043076409號,台欣國際股份有限公司,杜漢忠,32-2,1,1
2015-11-23,新北府勞檢字第1043076409號,台欣國際股份有限公司,杜漢忠,32-2,0,1
2015-11-24,新北府勞檢字第1043076572號,雅譽企業有限公司,梁哲榕,24,1,1
2015-11-24,新北府勞檢字第1043076933號,艾波索烘焙有限公司,鄭維浩,36,1,1
2015-11-24,新北府勞檢字第1043076917號,豐盈創意有限公司,黃濬珅,30-5,1,1
2015-11-24,新北府勞檢字第1043076413號,鑽石永和體育用品社,張慧淳,30-5,1,1
2015-11-24,新北府勞檢字第1043077013號,仕新人力資源管理顧問有限公司,張智凱,36,1,1
2015-11-24,新北府勞檢字第1043077000號,中南金記工業股份有限公司,朱清雄,24,1,1
2015-11-24,新北府勞檢字第10430770001號,中南金記工業股份有限公司,朱清雄,32-2,0,1
2015-11-24,新北府勞檢字第10430770002號,中南金記工業股份有限公司,朱清雄,36,0,1
2015-11-24,新北府勞檢字第1043077054號,走遍天下食品有限公司,林美妙,32-2,1,1
2015-11-24,新北府勞檢字第10430770541號,走遍天下食品有限公司,林美妙,36,0,1
2015-11-24,新北府勞檢字第1043077061號,家和有線電視股份有限公司,陳煥鵬,32-2,1,1
2015-11-25,新北府勞檢字第1043076690號,台灣進興機工企業有限公司,簡印,24,1,1
2015-11-25,新北府勞檢字第1043077177號,富筑石材有限公司,陳豊蓮,30-5,1,1
2015-11-25,新北府勞檢字第1043076800號,皇廚餐飲股份有限公司,楊啟明,22-2,1,1
2015-11-25,新北府勞檢字第10430768001號,皇廚餐飲股份有限公司,楊啟明,24,0,1
2015-11-25,新北府勞檢字第10430768002號,皇廚餐飲股份有限公司,楊啟明,32-2,0,1
2015-11-25,新北府勞檢字第10430768003號,皇廚餐飲股份有限公司,楊啟明,36,0,1
2015-11-25,新北府勞檢字第10430768004號,皇廚餐飲股份有限公司,楊啟明,39,0,1
2015-11-25,新北府勞檢字第1043077077號,篁璞建設有限公司,黃智勇,9-1,1,1
2015-11-25,新北府勞檢字第1043077186號,好客多水菓店,廖彩淑,30-5,1,1
2015-11-26,新北府勞檢字第1043076979號,捷大商行,莊博仁,30-5,1,1
2015-11-26,新北府勞檢字第1043076803號,馬上來食品行,吳錦璇,22-2,1,1
2015-11-26,新北府勞檢字第10430768031號,馬上來食品行,吳錦璇,30-5,0,1
2015-11-26,新北府勞檢字第1043076802號,京華傢俱事業有限公司,洪菁陞,24,1,1
2015-11-26,新北府勞檢字第10430768021號,京華傢俱事業有限公司,洪菁陞,39,0,1
2015-11-26,新北府勞檢字第1043077106號,大中美國際保全股份有限公司,許任銘,30-5,1,1
2015-11-26,新北府勞檢字第10430771061號,大中美國際保全股份有限公司,許任銘,38,0,1
2015-11-26,新北府勞檢字第1043077381號,裕品馨食品有限公司,江盛仁,32-2,1,1
2015-11-26,新北府勞檢字第10430773811號,裕品馨食品有限公司,江盛仁,36,0,1
2015-11-26,新北府勞檢字第1043076799號,合一紙業有限公司,陳金發,30-5,1,1
2015-11-26,新北府勞檢字第1043077131號,上海美容美髮材料工作室,王綠環,30-5,1,1
2015-11-26,新北府勞檢字第1043076804號,御林保全股份有限公司,鄭晉祿,30-5,1,1
2015-11-26,新北府勞檢字第1043076970號,歐比特國際創意股份有限公司,蔡裕生,22-2,1,1
2015-11-26,新北府勞檢字第10430769701號,歐比特國際創意股份有限公司,蔡裕生,30-5,0,1
2015-11-26,新北府勞檢字第1043076801號,鉅綸機械工業股份有限公司,徐秋麟,24,1,1
2015-11-26,新北府勞檢字第10430768011號,鉅綸機械工業股份有限公司,徐秋麟,32-2,0,1
2015-11-26,新北府勞檢字第10430768012號,鉅綸機械工業股份有限公司,徐秋麟,36,0,1
2015-11-26,新北府勞檢字第1043076925號,衛生福利部樂生療養院,賴慧貞,24,1,1
2015-11-26,新北府勞檢字第10430769251號,衛生福利部樂生療養院,賴慧貞,32-2,0,1
2015-11-27,新北府勞檢字第1043077200號,吃免驚清粥小菜店,吳炎曉,23-2,1,1
2015-11-27,新北府勞檢字第10430772001號,吃免驚清粥小菜店,吳炎曉,30-5,0,1
2015-11-27,新北府勞檢字第1043077129號,正陽保全股份有限公司,王金蓮,30-5,1,1
2015-11-27,新北府勞檢字第1043077350號,威承貿易有限公司,蔡遷,30-5,1,1
2015-11-27,新北府勞檢字第1043077187號,良易商行,莊福如,24,1,1
2015-11-27,新北府勞檢字第10430771871號,良易商行,莊福如,30-5,0,1
2015-11-27,新北府勞檢字第10430771872號,良易商行,莊福如,39,0,1
2015-11-27,新北府勞檢字第1043076977號,弘如企業有限公司,沈清榮,32-2,1,1
2015-11-27,新北府勞檢字第1043077132號,力元營造有限公司,張菊花,32-2,1,1
2015-11-27,新北府勞檢字第1043077485號,軍順食品有限公司,吳永茂,24,1,1
2015-11-27,新北府勞檢字第1043077479號,財團法人台灣省私立台灣盲人重建院,曾文雄,36,1,1
2015-11-27,新北府勞檢字第1043077274號,花旗(臺灣)商業銀行股份有限公司,管國霖,24,1,1
2015-11-27,新北府勞檢字第1043077661號,精陞工程有限公司,洪劍月,30-5,1,1
2015-11-27,新北府勞檢字第1043077133號,松盛營造有限公司,曾國瑋,32-2,1,1
2015-11-27,新北府勞檢字第1043077663號,手信坊有限公司,溫錦儀,32-2,1,1
2015-11-27,新北府勞檢字第1043076981號,裕祥實業社,李文欽,21-1,1,1
2015-11-27,新北府勞檢字第1043076978號,金歐有限公司,歐永國,21-1,1,1
2015-11-27,新北府勞檢字第10430769781號,金歐有限公司,歐永國,24,0,1
2015-11-30,新北府勞檢字第1043077246號,定洋實業股份有限公司,張乙云,32-2,1,1
2015-11-30,新北府勞檢字第1043077276號,台盟電子股份有限公司,林道藩,24,1,1
2015-11-30,新北府勞檢字第10430772761號,台盟電子股份有限公司,林道藩,32-2,0,1
2015-11-30,新北府勞檢字第1043077635號,慶豐保全股份有限公司,陳勇志,21-1,1,1
2015-11-30,新北府勞檢字第10430776351號,慶豐保全股份有限公司,陳勇志,23-1,0,1
2015-11-30,新北府勞檢字第1043077473號,台灣村田板金企業有限公司,王再安,24,1,1
2015-11-30,新北府勞檢字第10430771381號,荻固工程股份有限公司,劉學文,24,1,1
2015-11-30,新北府勞檢字第10430771382號,荻固工程股份有限公司,劉學文,32-2,0,1
2015-11-30,新北府勞檢字第1043077184號,倖萱企業社,洪小惠,24,1,1
2015-11-30,新北府勞檢字第1043077684號,福連起重工程有限公司,陳正理,24,1,1
2015-11-30,新北府勞檢字第1043077705號,丰瑄商行,陳家滿,30-5,1,1
2015-11-30,新北府勞檢字第1043077665號,千鎂企業股份有限公司,李慶坤,21-1,1,1
2015-11-30,新北府勞檢字第10430776651號,千鎂企業股份有限公司,李慶坤,32-2,0,1
2015-11-30,新北府勞檢字第10430772771號,元億冷凍食品有限公司,胡銘南,32-2,1,1
2015-11-30,新北府勞檢字第1043077185號,優世環境有限公司,林信良,16,1,1
2015-12-01,新北府勞檢字第1043077390號,得勝旺有限公司,高瑋明,30-5,1,1
2015-12-01,新北府勞檢字第1043077662號,美商新秀麗太平洋有限公司,林福平,24,1,1
2015-12-01,新北府勞檢字第10430776621號,美商新秀麗太平洋有限公司,林福平,36,0,1
2015-12-01,新北府勞檢字第1043077743號,淡水河廣播事業股份有限公司,林朝清,30-5,1,1
2015-12-01,新北府勞檢字第1043077275號,本昭興業股份有限公司,陳明玉,32-2,1,1
2015-12-01,新北府勞檢字第1043077333號,台灣金歌蘭股份有限公司,戴專文,32-2,1,1
2015-12-02,新北府勞檢字第1043077797號,三麟彩色印刷股份有限公司,楊登貴,30-5,1,1
2015-12-02,新北府勞檢字第1043077569號,力林國際有限公司,楊美雲,30-5,1,1
2015-12-02,新北府勞檢字第1043077611號,金色年代旅店股份有限公司,劉鴻恩,36,1,1
2015-12-02,新北府勞檢字第1043077947號,福圓號食品有限公司,賈復華,24,1,1
2015-12-02,新北府勞檢字第1043077862號,日進電線股份有限公司,趙晟彬,24,1,1
2015-12-02,新北府勞檢字第1043077864號,小南門食品有限公司,張秋仁,21-1,1,1
2015-12-02,新北府勞檢字第10430778641號,小南門食品有限公司,張秋仁,24,0,1
2015-12-02,新北府勞檢字第10430778642號,小南門食品有限公司,張秋仁,36,0,1
2015-12-02,新北府勞檢字第1043077909號,桂胖手感烘培有限公司,林子雯,32-2,1,1
2015-12-02,新北府勞檢字第10430779091號,桂胖手感烘培有限公司,林子雯,36,0,1
2015-12-02,新北府勞檢字第1043077781號,舒麥爾食品有限公司,李榮鏗,32-2,1,1
2015-12-02,新北府勞檢字第10430777811號,舒麥爾食品有限公司,李榮鏗,36,0,1
2015-12-02,新北府勞檢字第1043077471號,京凌電子股份有限公司,林銜錄,24,1,1
2015-12-02,新北府勞檢字第10430774711號,京凌電子股份有限公司,林銜錄,32-2,0,1
2015-12-02,新北府勞檢字第1043077474號,東來服飾開發有限公司,洪秀女,22-2,1,1
2015-12-02,新北府勞檢字第10430774741號,東來服飾開發有限公司,洪秀女,24,0,1
2015-12-03,新北府勞檢字第1043077610號,宇全商行,楊順竹,23-2,1,1
2015-12-03,新北府勞檢字第10430776101號,宇全商行,楊順竹,24,0,1
2015-12-04,新北府勞檢字第1043077762號,至尊通運有限公司,李秋蓮,36,1,1
2015-12-04,新北府勞檢字第1043077759號,光仁塑膠工業有限公司,吳光泰,24,1,1
2015-12-04,新北府勞檢字第10430777591號,光仁塑膠工業有限公司,吳光泰,32-2,0,1
2015-12-04,新北府勞檢字第10430777592號,光仁塑膠工業有限公司,吳光泰,36,0,1
2015-12-04,新北府勞檢字第1043078085號,佳聯企業社,李超程,24,1,1
2015-12-04,新北府勞檢字第10430780851號,佳聯企業社,李超程,39,0,1
2015-12-04,新北府勞檢字第1043077758號,侑元有限公司,潘書嫺,30-5,1,1
2015-12-04,新北府勞檢字第1043078117號,燿華電子股份有限公司,張元銘,32-2,1,1
2015-12-04,新北府勞檢字第1043078471號,中立食品工業股份有限公司,何幸弘,32-2,1,1
2015-12-07,新北府勞檢字第1043078271號,福容大飯店股份有限公司,郭美珠,24,1,1
2015-12-07,新北府勞檢字第1043078432號,冠陞飲料店,李雅琪,30-5,1,1
2015-12-07,新北府勞檢字第1043078079號,話題美髮店,曹凌祥,22-2,1,1
2015-12-07,新北府勞檢字第10430780791號,話題美髮店,曹凌祥,30-5,0,1
2015-12-07,新北府勞檢字第1043078403號,婕勵股份有限公司,盧森美,24,1,1
2015-12-08,新北府勞檢字第1043078647號,震龍專業汽車美容,廖煥祥,30-5,1,1
2015-12-08,新北府勞檢字第1043078516號,力菱機電事業股份有限公司,洪源鴻,24,1,1
2015-12-08,新北府勞檢字第10430785161號,力菱機電事業股份有限公司,洪源鴻,32-2,0,1
2015-12-08,新北府勞檢字第1043078256號,維宏食品有限公司,張庭豪,32-2,1,1
2015-12-08,新北府勞檢字第10430782561號,維宏食品有限公司,張庭豪,36,0,1
2015-12-08,新北府勞檢字第1043078694號,金勇商行,王姿儀,21-1,1,1
2015-12-09,新北府勞檢字第1043078649號,向尚工程有限公司,羅奕勛,22-2,1,1
2015-12-09,新北府勞檢字第1043078626號,高轟企業股份有限公司,顏進富,32-2,1,1
2015-12-09,新北府勞檢字第1043078629號,泓碩企業股份有限公司,王堅倉,32-2,1,1
2015-12-09,新北府勞檢字第1043078570號,德興診所,羅世偉,23-2,1,1
2015-12-09,新北府勞檢字第10430785701號,德興診所,羅世偉,30-5,0,1
2015-12-09,新北府勞檢字第1043078492號,有漢鋼模機械有限公司,謝秀貞,23-2,1,1
2015-12-09,新北府勞檢字第10430784921號,有漢鋼模機械有限公司,謝秀貞,30-5,0,1
2015-12-09,新北府勞檢字第10430784922號,有漢鋼模機械有限公司,謝秀貞,32-2,0,1
2015-12-09,新北府勞檢字第1043078404號,盛和食品有限公司,陳亮均,24,1,1
2015-12-09,新北府勞檢字第1043078221號,錩鋼精密科技股份有限公司,張寶樹,24,1,1
2015-12-09,新北府勞檢字第10430782211號,錩鋼精密科技股份有限公司,張寶樹,32-2,0,1
2015-12-09,新北府勞檢字第1043078399號,兆鼎檢驗科技有限公司,邱芬芬,30-5,1,1
2015-12-10,新北府勞檢字第1043078671號,安石鋼管股份有限公司,侯阜利,24,1,1
2015-12-10,新北府勞檢字第10430786711號,安石鋼管股份有限公司,侯阜利,32-2,0,1
2015-12-10,新北府勞檢字第1043078610號,貝盛商行,林貴花,30-5,1,1
2015-12-10,新北府勞檢字第10430784301號,龍欣商行,阮玉龍,39,1,1
2015-12-10,新北府勞檢字第1043078580號,源鑫商行,林源鑫,23-2,1,1
2015-12-10,新北府勞檢字第10430785801號,源鑫商行,林源鑫,39,0,1
2015-12-10,新北府勞檢字第1043078402號,全麗科技工程有限公司,施巧玲,22-2,1,1
2015-12-10,新北府勞檢字第10430784021號,全麗科技工程有限公司,施巧玲,24,0,1
2015-12-10,新北府勞檢字第1043078607號,京城商業銀行股份有限公司,戴誠志,24,1,1
2015-12-10,新北府勞檢字第1043079082號,巨茂營造有限公司,陳亞仲,24,1,1
2015-12-10,新北府勞檢字第10430790821號,巨茂營造有限公司,陳亞仲,30-5,0,1
2015-12-10,新北府勞檢字第10430790822號,巨茂營造有限公司,陳亞仲,32-2,0,1
2015-12-10,新北府勞檢字第1043079155號,達鑫企業社,鍾鈞宇,30-5,1,1
2015-12-10,新北府勞檢字第1043078608號,大豐有線電視股份有限公司,戴永輝,32-2,1,1
2015-12-11,新北府勞檢字第1043079169號,寶雅國際股份有限公司,陳建造,24,1,1
2015-12-11,新北府勞檢字第1043078693號,新輪工業有限公司,萬建宏,24,1,1
2015-12-14,新北府勞檢字第1043078934號,祥豐商行,高莉麗,30-5,1,1
2015-12-14,新北府勞檢字第1043079321號,財團法人勵馨社會福利事業基金會,廖俊松,24,1,1
2015-12-14,新北府勞檢字第10430793211號,財團法人勵馨社會福利事業基金會,廖俊松,32-2,0,1
2015-12-14,新北府勞檢字第1043079176號,威翰麵包工廠,李鴻章,23-2,1,1
2015-12-14,新北府勞檢字第10430791761號,威翰麵包工廠,李鴻章,32-2,0,1
2015-12-14,新北府勞檢字第10430791762號,威翰麵包工廠,李鴻章,36,0,1
2015-12-14,新北府勞檢字第10430792871號,萬爾福企業社,游舒晴,32-2,1,1
2015-12-14,新北府勞檢字第1043079332號,博安牙醫診所,王秉郁,30-5,1,1
2015-12-14,新北府勞檢字第1043079310號,華客通運有限公司,戴我宗,36,1,1
2015-12-14,新北府勞檢字第1043079283號,峰明機械有限公司,石國珍,24,1,1
2015-12-15,新北府勞檢字第1043079273號,新象眼科診所,柯志欽,24,1,1
2015-12-15,新北府勞檢字第10430792731號,新象眼科診所,柯志欽,36,0,1
2015-12-15,新北府勞檢字第10430792732號,新象眼科診所,柯志欽,39,0,1
2015-12-15,新北府勞檢字第1043078935號,瑞星管理顧問股份有限公司,李家安,9-1,1,1
2015-12-15,新北府勞檢字第1043079511號,指南汽車客運股份有限公司,呂奇峯,32-2,1,1
2015-12-15,新北府勞檢字第10430795111號,指南汽車客運股份有限公司,呂奇峯,36,0,1
2015-12-15,新北府勞檢字第1043078933號,酷家族商行,黃柏盛,36,1,1
2015-12-15,新北府勞檢字第1043079043號,美麗海興業有限公司,楊忠和,24,1,1
2015-12-16,新北府勞檢字第1043079136號,百闊有限公司,蔡文燕,22-2,1,1
2015-12-16,新北府勞檢字第1043079137號,百闊有限公司,蔡文燕,22-2,0,1
2015-12-16,新北府勞檢字第1043079591號,欣和興食品股份有限公司,劉景源,30-5,1,1
2015-12-16,新北府勞檢字第1043079117號,勝贊行銷有限公司,陳士文,30-5,1,1
2015-12-16,新北府勞檢字第1043079679號,宏遠興業股份有限公司,席家宜,32-2,1,1
2015-12-17,新北府勞檢字第1043079274號,力信股份有限公司,游智強,36,1,1
2015-12-17,新北府勞檢字第10430792741號,力信股份有限公司,游智強,39,0,1
2015-12-17,新北府勞檢字第1043079689號,爭鮮股份有限公司,陳津秋,39,1,1
2015-12-17,新北府勞檢字第1043079556號,運通國際家具有限公司,江朝陽,30-5,1,1
2015-12-18,新北府勞檢字第1043079709號,夢想家食品有限公司,江松南,30-5,1,1
2015-12-18,新北府勞檢字第1043080012號,浩亞企業股份有限公司,張雪芬,21-1,1,1
2015-12-18,新北府勞檢字第10430800121號,浩亞企業股份有限公司,張雪芬,22-2,0,1
2015-12-18,新北府勞檢字第10430800122號,浩亞企業股份有限公司,張雪芬,24,0,1
2015-12-18,新北府勞檢字第10430800123號,浩亞企業股份有限公司,張雪芬,32-2,0,1
2015-12-18,新北府勞檢字第1043079443號,奇鈜科技股份有限公司,沈慶行,24,1,1
2015-12-18,新北府勞檢字第10430794481號,喜相逢旅店企業股份有限公司,許志輝,36,1,1
2015-12-21,新北府勞檢字第1043079605號,新北市私立可爾威德幼兒園,顏美麗,24,1,1
2015-12-21,新北府勞檢字第1043079790號,藝宿快捷商旅有限公司,葉鍾朋,24,1,1
2015-12-21,新北府勞檢字第10430797901號,藝宿快捷商旅有限公司,葉鍾朋,36,0,1
2015-12-21,新北府勞檢字第10430797902號,藝宿快捷商旅有限公司,葉鍾朋,39,0,1
2015-12-21,新北府勞檢字第1043080114號,薇庭企業股份有限公司,劉保佑,24,1,1
2015-12-21,新北府勞檢字第10430801141號,薇庭企業股份有限公司,劉保佑,36,0,1
2015-12-21,新北府勞檢字第1043080176號,康盛機電有限公司,張惠晶,24,1,1
2015-12-21,新北府勞檢字第1043079604號,歐德斯電通科技股份有限公司,黃德耀,24,1,1
2015-12-21,新北府勞檢字第1043079603號,布林克保全股份有限公司,艾偉斯,32-2,1,1
2015-12-21,新北府勞檢字第1043080368號,日長保全股份有限公司,劉家惠,24,1,1
2015-12-21,新北府勞檢字第1043079607號,原振冷凍食品有限公司,林文炯,22-2,1,1
2015-12-21,新北府勞檢字第10430796071號,原振冷凍食品有限公司,林文炯,24,0,1
2015-12-21,新北府勞檢字第10430796072號,原振冷凍食品有限公司,林文炯,38,0,1
2015-12-22,新北府勞檢字第1043079969號,華資粧業股份有限公司,李國興,36,1,1
2015-12-22,新北府勞檢字第1043080297號,統聯運通股份有限公司,呂奇峯,36,1,1
2015-12-22,新北府勞檢字第1043079791號,佳臻商行,吳瑞隆,36,1,1
2015-12-22,新北府勞檢字第1043080165號,翔登企業社,鄭祥緯,36,1,1
2015-12-22,新北府勞檢字第1043080307號,卡爾卡頌汽車旅館股份有限公司,陳明華,24,1,1
2015-12-22,新北府勞檢字第10430803071號,卡爾卡頌汽車旅館股份有限公司,陳明華,32-2,0,1
2015-12-22,新北府勞檢字第1043079958號,傑儒文理語文短期補習班,周柔君,24,1,1
2015-12-22,新北府勞檢字第10430799581號,傑儒文理語文短期補習班,周柔君,39,0,1
2015-12-22,新北府勞檢字第1043080117號,綠色和平廣播股份有限公司,徐國勇,36,1,1
2015-12-23,新北府勞檢字第10430802761號,雪瓈旅館企業社,張宏煌,24,1,1
2015-12-23,新北府勞檢字第10430802762號,雪瓈旅館企業社,張宏煌,32-2,0,1
2015-12-23,新北府勞檢字第1043080453號,鋒美食品實業有限公司,彭琬茹,30-5,1,1
2015-12-23,新北府勞檢字第1043079957號,元湘企業社,趙元清,36,1,1
2015-12-24,新北府勞檢字第1043080120號,薇米精品商務股份有限公司,沈勝煌,24,1,1
2015-12-24,新北府勞檢字第1043080250號,貝多芬花園汽車旅館,陳吉昌,22-2,1,1
2015-12-24,新北府勞檢字第10430802501號,貝多芬花園汽車旅館,陳吉昌,24,0,1
2015-12-24,新北府勞檢字第10430802502號,貝多芬花園汽車旅館,陳吉昌,36,0,1
2015-12-24,新北府勞檢字第1043080121號,金山溫泉會館股份有限公司,何世吉,36,1,1
2015-12-24,新北府勞檢字第1043080249號,雙緯企業有限公司,曹秀枝,24,1,1
2015-12-24,新北府勞檢字第10430802491號,雙緯企業有限公司,曹秀枝,32-2,0,1
2015-12-24,新北府勞檢字第10430802492號,雙緯企業有限公司,曹秀枝,39,0,1
2015-12-25,新北府勞檢字第1043080248號,同域企業股份有限公司,李鳴崙,30-5,1,1
2015-12-25,新北府勞檢字第1043080251號,太平洋生活休閒事業股份有限公司,秦必韜,24,1,1
2015-12-25,新北府勞檢字第10430802511號,太平洋生活休閒事業股份有限公司,秦必韜,32-2,0,1
2015-12-25,新北府勞檢字第1043080544號,精英國際海山文理語文珠心算美術短期補習班,劉俊昇,22-2,1,1
2015-12-25,新北府勞檢字第1043080588號,萊閣時尚會館股份有限公司,游進益,43,1,1
2015-12-25,新北府勞檢字第1043080430號,勝邦鋼鐵股份有限公司,盤謹彰,22-2,1,1
2015-12-25,新北府勞檢字第10430804301號,勝邦鋼鐵股份有限公司,盤謹彰,32-2,0,1
2015-12-25,新北府勞檢字第10430804302號,勝邦鋼鐵股份有限公司,盤謹彰,38,0,1
2015-12-25,新北府勞檢字第1043080579號,長裕欣業股份有限公司,鄭耀庭,24,1,1
2015-12-25,新北府勞檢字第10430805791號,長裕欣業股份有限公司,鄭耀庭,32-2,0,1
2015-12-25,新北府勞檢字第1043080854號,連威起重工程有限公司,連家芳,30-5,1,1
2015-12-25,新北府勞檢字第1043080789號,家家保全股份有限公司,黃耀賢,24,1,1
2015-12-25,新北府勞檢字第10430807891號,家家保全股份有限公司,黃耀賢,32-2,0,1
2015-12-25,新北府勞檢字第10430807892號,家家保全股份有限公司,黃耀賢,36,0,1
2015-12-28,新北府勞檢字第1043080720號,飛宏商行,詹政銘,23-2,1,1
2015-12-28,新北府勞檢字第10430807201號,飛宏商行,詹政銘,30-5,0,1
2015-12-28,新北府勞檢字第1043080791號,昌禧實業有限公司,鄭嚴文,24,1,1
2015-12-28,新北府勞檢字第1043080766號,帝一嶺餐廳,吳昆和,36,1,1
2015-12-28,新北府勞檢字第1043080768號,偉盟國際有限公司,李忠華,24,1,1
2015-12-28,新北府勞檢字第1043080934號,仲達企業社,田健英,30-5,1,1
2015-12-28,新北府勞檢字第10430809341號,仲達企業社,田健英,39,0,1
2015-12-28,新北府勞檢字第1043080774號,笙豐商行,陳俐潔,36,1,1
2015-12-28,新北府勞檢字第10430807741號,笙豐商行,陳俐潔,39,0,1
2015-12-28,新北府勞檢字第10430806251號,高甫實業有限公司,蔡家惠,32-2,1,1
2015-12-28,新北府勞檢字第1043080937號,幾何圖設計有限公司,謝支順,30-5,1,1
2015-12-28,新北府勞檢字第1043081047號,哈波尼司小吃店,杜明原,22-2,1,1
2015-12-28,新北府勞檢字第1043080917號,愷得食品有限公司,張秀娟,30-5,1,1
2015-12-28,新北府勞檢字第10430804341號,正進國際有限公司,朱柏蒼,30-5,1,1
2015-12-29,新北府勞檢字第1043080587號,金豐針織企業有限公司,王國祥,22-2,1,1
2015-12-29,新北府勞檢字第10430805871號,金豐針織企業有限公司,王國祥,32-2,0,1
2015-12-29,新北府勞檢字第1043080936號,金莎汽車旅館有限公司,藍元利,24,1,1
2015-12-29,新北府勞檢字第10430809361號,金莎汽車旅館有限公司,藍元利,39,0,1
2015-12-29,新北府勞檢字第1043080947號,虹威國際企業有限公司,陳來好,24,1,1
2015-12-29,新北府勞檢字第10430809471號,虹威國際企業有限公司,陳來好,30-5,0,1
2015-12-29,新北府勞檢字第1043081034號,金記食品有限公司,黃金生,30-5,1,1
2015-12-29,新北府勞檢字第1043081054號,泓凱光電股份有限公司,張燦能,32-2,1,1
2015-12-29,新北府勞檢字第10430805811號,全聯實業股份有限公司,林敏雄,32-2,1,1
2015-12-29,新北府勞檢字第1043080778號,大自然蔬果雜糧行,蔡樹福,22-2,1,1
2015-12-30,新北府勞檢字第1043081014號,東寶企業社,萬曼麗,30-5,1,1
2015-12-30,新北府勞檢字第1043081268號,寰紘實業有限公司,吳政鴻,30-5,1,1
2015-12-30,新北府勞檢字第10430812681號,寰紘實業有限公司,吳政鴻,36,0,1
2015-12-30,新北府勞檢字第1043081273號,毅宜工業股份有限公司,吳建亨,24,1,1
2015-12-30,新北府勞檢字第10430812731號,毅宜工業股份有限公司,吳建亨,32-2,0,1
2015-12-30,新北府勞檢字第1043080916號,威娟髮藝店,林麗娟,30-5,1,1
2015-12-30,新北府勞檢字第1043081120號,美合國際實業股份有限公司,葉璇,24,1,1
2015-12-30,新北府勞檢字第1043081082號,太古華電實業股份有限公司,林意華,24,1,1
2015-12-30,新北府勞檢字第10430810821號,太古華電實業股份有限公司,林意華,32-2,0,1
2015-12-30,新北府勞檢字第10430810822號,太古華電實業股份有限公司,林意華,36,0,1
2015-12-31,新北府勞檢字第1043081321號,豐大商行,沈國禎,36,1,1
2015-12-31,新北府勞檢字第10430813211號,豐大商行,沈國禎,39,0,1
2015-12-31,新北府勞檢字第1043081421號,宇宏企業社,鄧書宏,30-5,1,1
2015-12-31,新北府勞檢字第1043081081號,紳陽服飾股份有限公司,張順富,24,1,1
2015-12-31,新北府勞檢字第1043081288號,鴻銘興業社,謝鴻得,24,1,1
